District,Division,Division ID,District ID
Bacarra I,Ilocos Norte,1,1
Bacarra II,Ilocos Norte,1,2
Badoc,Ilocos Norte,1,3
Bangui,Ilocos Norte,1,4
Banna (Espiritu),Ilocos Norte,1,5
Burgos,Ilocos Norte,1,6
Currimao,Ilocos Norte,1,7
Dingras I,Ilocos Norte,1,8
Dingras II,Ilocos Norte,1,9
Marcos-Nueva Era,Ilocos Norte,1,10
Adams-Pagudpud,Ilocos Norte,1,11
Paoay,Ilocos Norte,1,12
Pasuquin,Ilocos Norte,1,13
Piddig,Ilocos Norte,1,14
Pinili,Ilocos Norte,1,15
San Nicolas,Ilocos Norte,1,16
Sarrat,Ilocos Norte,1,17
Solsona,Ilocos Norte,1,18
Vintar I,Ilocos Norte,1,19
Vintar II,Ilocos Norte,1,20
Alilem-Sugpon,Ilocos Sur,2,21
Banayoyo-Lidlidda-San Emilio,Ilocos Sur,2,22
Bantay,Ilocos Sur,2,23
Burgos-San Esteban,Ilocos Sur,2,24
Cabugao,Ilocos Sur,2,25
Caoayan,Ilocos Sur,2,26
Cervantes-Quirino,Ilocos Sur,2,27
Magsingal,Ilocos Sur,2,28
Narvacan North,Ilocos Sur,2,29
Narvacan South-Nagbukel,Ilocos Sur,2,30
Salcedo-Galimuyod-Sigay-Del Pilar,Ilocos Sur,2,31
San Juan,Ilocos Sur,2,32
San Vicente,Ilocos Sur,2,33
Santa,Ilocos Sur,2,34
Santiago,Ilocos Sur,2,35
Sinait,Ilocos Sur,2,36
Sta. Catalina,Ilocos Sur,2,37
Sta. Cruz,Ilocos Sur,2,38
Sta. Lucia,Ilocos Sur,2,39
Sta. Maria,Ilocos Sur,2,40
Sto. Domingo-San Ildefonso,Ilocos Sur,2,41
Suyo,Ilocos Sur,2,42
Tagudin,Ilocos Sur,2,43
Agoo East,La Union,3,44
Agoo West,La Union,3,45
Aringay,La Union,3,46
Bacnotan,La Union,3,47
Bagulin,La Union,3,48
Balaoan,La Union,3,49
Bangar,La Union,3,50
Bauang North,La Union,3,51
Bauang South,La Union,3,52
Burgos,La Union,3,53
Caba,La Union,3,54
Luna I,La Union,3,55
Luna II,La Union,3,56
Naguilian,La Union,3,57
Pugo,La Union,3,58
Rosario,La Union,3,59
San Gabriel,La Union,3,60
San Juan,La Union,3,61
Santol,La Union,3,62
Sto. Tomas,La Union,3,63
Sudipen,La Union,3,64
Tubao,La Union,3,65
Agno,"Pangasinan I, Lingayen",4,66
Aguilar,"Pangasinan I, Lingayen",4,67
Anda,"Pangasinan I, Lingayen",4,68
Bani,"Pangasinan I, Lingayen",4,69
Basista,"Pangasinan I, Lingayen",4,70
Bayambang I,"Pangasinan I, Lingayen",4,71
Bayambang II,"Pangasinan I, Lingayen",4,72
Binmaley I,"Pangasinan I, Lingayen",4,73
Binmaley II,"Pangasinan I, Lingayen",4,74
Bolinao,"Pangasinan I, Lingayen",4,75
Bugallon I,"Pangasinan I, Lingayen",4,76
Bugallon II,"Pangasinan I, Lingayen",4,77
Burgos,"Pangasinan I, Lingayen",4,78
Calasiao I,"Pangasinan I, Lingayen",4,79
Calasiao II,"Pangasinan I, Lingayen",4,80
Dasol,"Pangasinan I, Lingayen",4,81
Infanta,"Pangasinan I, Lingayen",4,82
Labrador,"Pangasinan I, Lingayen",4,83
Lingayen I,"Pangasinan I, Lingayen",4,84
Lingayen II,"Pangasinan I, Lingayen",4,85
Lingayen III,"Pangasinan I, Lingayen",4,86
Mabini,"Pangasinan I, Lingayen",4,87
Malasiqui I,"Pangasinan I, Lingayen",4,88
Malasiqui II,"Pangasinan I, Lingayen",4,89
Mangatarem I,"Pangasinan I, Lingayen",4,90
Mangatarem II,"Pangasinan I, Lingayen",4,91
Mapandan,"Pangasinan I, Lingayen",4,92
Sta. Barbara I,"Pangasinan I, Lingayen",4,93
Sta. Barbara II,"Pangasinan I, Lingayen",4,94
Sual,"Pangasinan I, Lingayen",4,95
Urbiztondo,"Pangasinan I, Lingayen",4,96
Alcala,"Pangasinan II, Binalonan",5,97
Asingan I,"Pangasinan II, Binalonan",5,98
Asingan II,"Pangasinan II, Binalonan",5,99
Balungao,"Pangasinan II, Binalonan",5,100
Bautista,"Pangasinan II, Binalonan",5,101
Binalonan I,"Pangasinan II, Binalonan",5,102
Binalonan II,"Pangasinan II, Binalonan",5,103
Laoac,"Pangasinan II, Binalonan",5,104
Manaoag,"Pangasinan II, Binalonan",5,105
Mangaldan I,"Pangasinan II, Binalonan",5,106
Mangaldan II,"Pangasinan II, Binalonan",5,107
Natividad,"Pangasinan II, Binalonan",5,108
Pozorrubio I,"Pangasinan II, Binalonan",5,109
Pozorrubio II,"Pangasinan II, Binalonan",5,110
Rosales I,"Pangasinan II, Binalonan",5,111
Rosales II,"Pangasinan II, Binalonan",5,112
San Fabian I,"Pangasinan II, Binalonan",5,113
San Fabian II,"Pangasinan II, Binalonan",5,114
San Jacinto,"Pangasinan II, Binalonan",5,115
San Manuel,"Pangasinan II, Binalonan",5,116
San Nicolas I,"Pangasinan II, Binalonan",5,117
San Nicolas II,"Pangasinan II, Binalonan",5,118
San Quintin,"Pangasinan II, Binalonan",5,119
Sison,"Pangasinan II, Binalonan",5,120
Sta. Maria,"Pangasinan II, Binalonan",5,121
Sto. Tomas,"Pangasinan II, Binalonan",5,122
Tayug I,"Pangasinan II, Binalonan",5,123
Tayug II,"Pangasinan II, Binalonan",5,124
Umingan I,"Pangasinan II, Binalonan",5,125
Umingan II,"Pangasinan II, Binalonan",5,126
Villasis I,"Pangasinan II, Binalonan",5,127
Villasis II,"Pangasinan II, Binalonan",5,128
Dagupan City District I,Dagupan City,6,129
Dagupan City District II,Dagupan City,6,130
Dagupan City District III,Dagupan City,6,131
Dagupan City District IV,Dagupan City,6,132
Laoag City District I,Laoag City,7,133
Laoag City District II,Laoag City,7,134
Laoag City District III,Laoag City,7,135
San Carlos City District I,San Carlos City,100,136
San Carlos City District II,San Carlos City,100,137
San Carlos City District III,San Carlos City,100,138
San Carlos City District IV,San Carlos City,100,139
Urdaneta City District I,Urdaneta City,9,140
Urdaneta City District II,Urdaneta City,9,141
District I,Candon City,10,142
District II,Candon City,10,143
District I,Alaminos City,11,144
District II,Alaminos City,11,145
District III,Alaminos City,11,146
District I,Vigan City,12,147
District II,Vigan City,12,148
District III,Vigan City,12,149
San Fernando I,San Fernando City,36,150
San Fernando II,San Fernando City,36,151
Batac I,Batac City,14,152
Batac II,Batac City,14,153
Basco,Batanes,15,154
Itbayat,Batanes,15,155
Ivana-Uyugan,Batanes,15,156
Mahatao,Batanes,15,157
Sabtang,Batanes,15,158
Abulug,Cagayan,16,159
Alcala East,Cagayan,16,160
Allacapan North,Cagayan,16,161
Amulung East,Cagayan,16,162
Amulung West,Cagayan,16,163
Aparri East,Cagayan,16,164
Aparri West,Cagayan,16,165
Baggao North,Cagayan,16,166
Baggao West,Cagayan,16,167
Ballesteros,Cagayan,16,168
Buguey North,Cagayan,16,169
Calayan West,Cagayan,16,170
Camalaniugan,Cagayan,16,171
Claveria East,Cagayan,16,172
Enrile East,Cagayan,16,173
Enrile West,Cagayan,16,174
Gattaran East,Cagayan,16,175
Gattaran West,Cagayan,16,176
Gonzaga West,Cagayan,16,177
Iguig,Cagayan,16,178
Lal-lo North,Cagayan,16,179
Lal-lo South,Cagayan,16,180
Lasam East,Cagayan,16,181
Pamplona,Cagayan,16,182
Penablanca East,Cagayan,16,183
Penablanca West,Cagayan,16,184
Piat,Cagayan,16,185
Rizal,Cagayan,16,186
Sanchez Mira,Cagayan,16,187
Solana North,Cagayan,16,188
Solana South,Cagayan,16,189
Sta. Ana,Cagayan,16,190
Sta. Praxedes,Cagayan,16,191
Sta. Teresita,Cagayan,16,192
Sto. Nino,Cagayan,16,193
Tuao East,Cagayan,16,194
Tuao West,Cagayan,16,195
Baggao East,Cagayan,16,196
Gattaran Central,Cagayan,16,197
Solana West Educational Zone,Cagayan,16,198
Alcala West,Cagayan,16,199
Aparri South Educational Zone,Cagayan,16,200
Buguey South,Cagayan,16,201
Gonzaga East,Cagayan,16,202
Lal-lo Central,Cagayan,16,203
Allacapan South,Cagayan,16,204
Lasam West,Cagayan,16,205
Calayan East,Cagayan,16,206
Baggao South,Cagayan,16,207
Alicia North,Isabela,17,208
Alicia South,Isabela,17,209
Angadanan East,Isabela,17,210
Angadanan West,Isabela,17,211
Aurora,Isabela,17,212
Benito Soliven,Isabela,17,213
Burgos,Isabela,17,214
Cabagan,Isabela,17,215
Cordon North,Isabela,17,216
Delfin Albano,Isabela,17,217
Echague East,Isabela,17,218
Echague South,Isabela,17,219
Echague West,Isabela,17,220
Gamu,Isabela,17,221
Jones East,Isabela,17,222
Jones West,Isabela,17,223
Luna,Isabela,17,224
Mallig,Isabela,17,225
Naguilian,Isabela,17,226
Palanan,Isabela,17,227
Quezon,Isabela,17,228
Quirino,Isabela,17,229
Ramon,Isabela,17,230
Reina Mercedes,Isabela,17,231
Roxas East,Isabela,17,232
Roxas West,Isabela,17,233
San Agustin,Isabela,17,234
San Guillermo,Isabela,17,235
San Isidro,Isabela,17,236
San Manuel,Isabela,17,237
San Mariano I,Isabela,17,238
San Mariano II,Isabela,17,239
San Mateo North,Isabela,17,240
San Mateo South,Isabela,17,241
San Pablo,Isabela,17,242
Sta. Maria,Isabela,17,243
Sto. Tomas,Isabela,17,244
Tumauini North,Isabela,17,245
Tumauini South,Isabela,17,246
Cabatuan East,Isabela,17,247
Cabatuan West,Isabela,17,248
Alicia East,Isabela,17,249
Cordon South,Isabela,17,250
Aritao East,Nueva Vizcaya,18,251
Bagabag I,Nueva Vizcaya,18,252
Bambang I,Nueva Vizcaya,18,253
Bambang II,Nueva Vizcaya,18,254
Bayombong I,Nueva Vizcaya,18,255
Bayombong II,Nueva Vizcaya,18,256
Diadi,Nueva Vizcaya,18,257
Dupax del Norte I,Nueva Vizcaya,18,258
Dupax del Sur,Nueva Vizcaya,18,259
Kasibu East,Nueva Vizcaya,18,260
Eastern Kayapa,Nueva Vizcaya,18,261
Quezon,Nueva Vizcaya,18,262
Solano I,Nueva Vizcaya,18,263
Solano II,Nueva Vizcaya,18,264
Sta. Fe,Nueva Vizcaya,18,265
Villaverde,Nueva Vizcaya,18,266
Ambaguio,Nueva Vizcaya,18,267
Alfonso Castañeda,Nueva Vizcaya,18,268
Kasibu West,Nueva Vizcaya,18,269
Western Kayapa,Nueva Vizcaya,18,270
Aritao West,Nueva Vizcaya,18,271
Bagabag II,Nueva Vizcaya,18,272
Dupax del Norte II,Nueva Vizcaya,18,273
Aglipay,Quirino,19,274
Cabarroguis,Quirino,19,275
Diffun I,Quirino,19,276
Diffun II,Quirino,19,277
Maddela Zone I,Quirino,19,278
Nagtipunan,Quirino,19,279
Saguday,Quirino,19,280
Maddela Zone II,Quirino,19,281
Tuguegarao East Educational Zone,Tuguegarao City,20,282
Tuguegarao North Educational Zone,Tuguegarao City,20,283
Tuguegarao West Educational Zone,Tuguegarao City,20,284
Tuguegarao Northeast Educational Zone,Tuguegarao City,20,285
Cauayan East District,Cauayan City,21,286
Cauayan North District,Cauayan City,21,287
Cauayan South District,Cauayan City,21,288
Cauayan West District,Cauayan City,21,289
Cauayan Northeast District,Cauayan City,21,290
Santiago East,Santiago City,22,291
Santiago North,Santiago City,22,292
Santiago South,Santiago City,22,293
Santiago West,Santiago City,22,294
East,City of Ilagan,23,295
South,City of Ilagan,23,296
West,City of Ilagan,23,297
North,City of Ilagan,23,298
Northwest,City of Ilagan,23,299
San Antonio,City of Ilagan,23,300
San Jose City East,San Jose City,24,301
San Jose City West,San Jose City,24,302
Baler,Aurora,25,303
Casiguran,Aurora,25,304
Dilasag,Aurora,25,305
Dinalungan,Aurora,25,306
Dingalan,Aurora,25,307
Dipaculao,Aurora,25,308
Ma. Aurora,Aurora,25,309
San Luis,Aurora,25,310
Abucay,Bataan,26,311
Bagac,Bataan,26,312
Dinalupihan East,Bataan,26,313
Hermosa,Bataan,26,314
Limay,Bataan,26,315
Mariveles,Bataan,26,316
Morong,Bataan,26,317
Orani,Bataan,26,318
Orion,Bataan,26,319
Pilar,Bataan,26,320
Samal,Bataan,26,321
Dinalupihan West,Bataan,26,322
Angat,Bulacan,27,323
Balagtas,Bulacan,27,324
Baliuag North,Bulacan,27,325
Baliuag South,Bulacan,27,326
Bocaue,Bulacan,27,327
Bulacan,Bulacan,27,328
Bustos,Bulacan,27,329
Calumpit,Bulacan,27,330
Guiguinto,Bulacan,27,331
Hagonoy East,Bulacan,27,332
Hagonoy West,Bulacan,27,333
Marilao,Bulacan,27,334
Norzagaray,Bulacan,27,335
Obando,Bulacan,27,336
Pandi,Bulacan,27,337
Paombong,Bulacan,27,338
Plaridel,Bulacan,27,339
Pulilan,Bulacan,27,340
San Ildefonso North,Bulacan,27,341
San Ildefonso South,Bulacan,27,342
San Miguel North,Bulacan,27,343
San Miguel South,Bulacan,27,344
San Rafael,Bulacan,27,345
Sta. Maria,Bulacan,27,346
Dona Remedios Trinidad,Bulacan,27,347
Aliaga,Nueva Ecija,28,348
Bongabon,Nueva Ecija,28,349
Cabiao,Nueva Ecija,28,350
Carranglan,Nueva Ecija,28,351
Cuyapo,Nueva Ecija,28,352
Gabaldon,Nueva Ecija,28,353
Gen. M. Natividad,Nueva Ecija,28,354
Gen. Tinio,Nueva Ecija,28,355
Guimba East,Nueva Ecija,28,356
Guimba West,Nueva Ecija,28,357
Jaen,Nueva Ecija,28,358
Laur,Nueva Ecija,28,359
Licab,Nueva Ecija,28,360
Llanera,Nueva Ecija,28,361
Lupao,Nueva Ecija,28,362
Nampicuan,Nueva Ecija,28,363
Palayan City,Nueva Ecija,28,364
Pantabangan,Nueva Ecija,28,365
Penaranda,Nueva Ecija,28,366
Quezon,Nueva Ecija,28,367
Rizal,Nueva Ecija,28,368
San Antonio,Nueva Ecija,28,369
San Isidro,Nueva Ecija,28,370
San Leonardo,Nueva Ecija,28,371
Sta. Rosa,Nueva Ecija,28,372
Sto. Domingo,Nueva Ecija,28,373
Talavera North,Nueva Ecija,28,374
Talavera South,Nueva Ecija,28,375
Talugtug,Nueva Ecija,28,376
Zaragoza,Nueva Ecija,28,377
Apalit,Pampanga,29,378
Arayat East,Pampanga,29,379
Arayat West,Pampanga,29,380
Bacolor North,Pampanga,29,381
Candaba East,Pampanga,29,382
Candaba West,Pampanga,29,383
Floridablanca East,Pampanga,29,384
Floridablanca West,Pampanga,29,385
Guagua East,Pampanga,29,386
Guagua West,Pampanga,29,387
Lubao East,Pampanga,29,388
Lubao West,Pampanga,29,389
Macabebe East,Pampanga,29,390
Macabebe West,Pampanga,29,391
Magalang North,Pampanga,29,392
Masantol North,Pampanga,29,393
Mexico North,Pampanga,29,394
Mexico South,Pampanga,29,395
Minalin,Pampanga,29,396
Porac East,Pampanga,29,397
San Luis,Pampanga,29,398
San Simon,Pampanga,29,399
Sasmuan,Pampanga,29,400
Sta. Ana,Pampanga,29,401
Sta. Rita,Pampanga,29,402
Sto. Tomas,Pampanga,29,403
Porac West,Pampanga,29,404
Magalang South,Pampanga,29,405
Bacolor South,Pampanga,29,406
Candaba North,Pampanga,29,407
Lubao North,Pampanga,29,408
Masantol South,Pampanga,29,409
Mexico West,Pampanga,29,410
Anao,Tarlac,30,411
Bamban,Tarlac,30,412
Camiling Central,Tarlac,30,413
Camiling East,Tarlac,30,414
Camiling West,Tarlac,30,415
Capas East,Tarlac,30,416
Capas West,Tarlac,30,417
Concepcion East,Tarlac,30,418
Concepcion North,Tarlac,30,419
Concepcion South,Tarlac,30,420
Concepcion West,Tarlac,30,421
Gerona North,Tarlac,30,422
Gerona South,Tarlac,30,423
La Paz North,Tarlac,30,424
La Paz South,Tarlac,30,425
Mayantoc,Tarlac,30,426
Moncada North,Tarlac,30,427
Moncada South,Tarlac,30,428
Paniqui North,Tarlac,30,429
Paniqui South,Tarlac,30,430
Pura,Tarlac,30,431
Ramos,Tarlac,30,432
San Clemente,Tarlac,30,433
San Jose,Tarlac,30,434
San Manuel,Tarlac,30,435
Sta. Ignacia,Tarlac,30,436
Victoria East,Tarlac,30,437
Victoria West,Tarlac,30,438
Botolan North,Zambales,31,439
Botolan South,Zambales,31,440
Cabangan,Zambales,31,441
Candelaria,Zambales,31,442
Castillejos,Zambales,31,443
Iba,Zambales,31,444
Masinloc,Zambales,31,445
Palauig,Zambales,31,446
San Antonio,Zambales,31,447
San Felipe,Zambales,31,448
San Marcelino,Zambales,31,449
San Narciso,Zambales,31,450
Sta. Cruz North,Zambales,31,451
Sta. Cruz South,Zambales,31,452
Subic,Zambales,31,453
North District,Angeles City,32,454
East District,Angeles City,32,455
South District,Angeles City,32,456
West District,Angeles City,32,457
Cabanatuan City East District,Cabanatuan City,33,458
Cabanatuan City West District,Cabanatuan City,33,459
Cabanatuan City North District,Cabanatuan City,33,460
Cabanatuan City South District,Cabanatuan City,33,461
Olongapo City District I,Olongapo City,34,462
Olongapo City District II,Olongapo City,34,463
Olongapo City District III,Olongapo City,34,464
Olongapo City District IV,Olongapo City,34,465
San Jose Del Monte East,City of San Jose Del Monte,35,466
San Jose Del Monte West,City of San Jose Del Monte,35,467
San Fernando East,San Fernando City,36,468
San Fernando North,San Fernando City,36,469
San Fernando West,San Fernando City,36,470
Gapan North,Gapan City,37,471
Gapan South,Gapan City,37,472
Tarlac Central District,Tarlac City,38,473
Tarlac East District,Tarlac City,38,474
Tarlac North District A,Tarlac City,38,475
Tarlac South District A,Tarlac City,38,476
Tarlac West District A,Tarlac City,38,477
Tarlac North District B,Tarlac City,38,478
Tarlac South District B,Tarlac City,38,479
Tarlac West District B,Tarlac City,38,480
Tarlac West District C,Tarlac City,38,481
Munoz,Science City of Muñoz,39,482
Balanga City East,Balanga City,40,483
Balanga City West,Balanga City,40,484
North District,Malolos City,41,485
South District,Malolos City,41,486
Meycauayan East,Meycauayan City,42,487
Meycauayan West,Meycauayan City,42,488
Mabalacat North,Mabalacat City,43,489
Mabalacat South,Mabalacat City,43,490
Mabalacat East,Mabalacat City,43,491
Dasmariñas I,Dasmarinas City,44,492
Dasmariñas II,Dasmarinas City,44,493
Agoncillo,Batangas,45,494
Alitagtag,Batangas,45,495
Balayan East,Batangas,45,496
Balete,Batangas,45,497
Bauan,Batangas,45,498
Calaca,Batangas,45,499
Calatagan,Batangas,45,500
Cuenca,Batangas,45,501
Ibaan,Batangas,45,502
Laurel,Batangas,45,503
Lemery,Batangas,45,504
Lian,Batangas,45,505
Lobo,Batangas,45,506
Mabini,Batangas,45,507
Malvar,Batangas,45,508
Mataas Na Kahoy,Batangas,45,509
Nasugbu East,Batangas,45,510
Padre Garcia,Batangas,45,511
Rosario East,Batangas,45,512
San Jose,Batangas,45,513
San Juan East,Batangas,45,514
San Luis,Batangas,45,515
San Nicolas,Batangas,45,516
San Pascual,Batangas,45,517
Sta. Teresita,Batangas,45,518
Taal,Batangas,45,519
Talisay,Batangas,45,520
Taysan,Batangas,45,521
Tingloy,Batangas,45,522
Tuy,Batangas,45,523
Balayan West,Batangas,45,524
San Juan West,Batangas,45,525
Nasugbu West,Batangas,45,526
Rosario West,Batangas,45,527
Nasugbu North,Batangas,45,528
Alfonso,Cavite,46,529
Amadeo,Cavite,46,530
Carmona,Cavite,46,531
General E. Aguinaldo,Cavite,46,532
General Mariano Alvarez,Cavite,46,533
Indang I,Cavite,46,534
Indang II,Cavite,46,535
Kawit,Cavite,46,536
Magallanes,Cavite,46,537
Maragondon,Cavite,46,538
Mendez,Cavite,46,539
Naic I,Cavite,46,540
Naic II,Cavite,46,541
Noveleta,Cavite,46,542
Rosario,Cavite,46,543
Silang I,Cavite,46,544
Silang II,Cavite,46,545
Tagaytay City,Cavite,46,546
Tanza,Cavite,46,547
Ternate,Cavite,46,548
Trece Martirez City,Cavite,46,549
Alaminos,Laguna,47,550
Bay,Laguna,47,551
Calauan,Laguna,47,552
Cavinti,Laguna,47,553
Famy-Mabitac,Laguna,47,554
Liliw,Laguna,47,555
Los Baños,Laguna,47,556
Luisiana,Laguna,47,557
Lumban-Kalayaan,Laguna,47,558
Magdalena,Laguna,47,559
Majayjay,Laguna,47,560
Nagcarlan-Rizal,Laguna,47,561
Paete,Laguna,47,562
Pagsanjan,Laguna,47,563
Pangil-Pakil,Laguna,47,564
Pila,Laguna,47,565
Santa Cruz,Laguna,47,566
Santa Maria,Laguna,47,567
Siniloan,Laguna,47,568
Victoria,Laguna,47,569
Alabat,Quezon,48,570
Atimonan,Quezon,48,571
Buenavista,Quezon,48,572
Burdeos,Quezon,48,573
Calauag East,Quezon,48,574
Calauag West,Quezon,48,575
Candelaria East,Quezon,48,576
Candelaria West,Quezon,48,577
Catanauan,Quezon,48,578
Dolores,Quezon,48,579
Gen. Luna,Quezon,48,580
Gen. Nakar,Quezon,48,581
Guinayangan,Quezon,48,582
Gumaca East,Quezon,48,583
Gumaca West,Quezon,48,584
Infanta,Quezon,48,585
Lopez East,Quezon,48,586
Lopez West,Quezon,48,587
Lucban,Quezon,48,588
Macalelon,Quezon,48,589
Mauban North,Quezon,48,590
Mauban South,Quezon,48,591
Mulanay,Quezon,48,592
Padre Burgos-Agdangan,Quezon,48,593
Pagbilao,Quezon,48,594
Patnanungan-Jomalig,Quezon,48,595
Perez,Quezon,48,596
Pitogo,Quezon,48,597
Plaridel,Quezon,48,598
Polillo,Quezon,48,599
Quezon,Quezon,48,600
Real,Quezon,48,601
Sampaloc,Quezon,48,602
San Andres,Quezon,48,603
San Antonio,Quezon,48,604
San Francisco,Quezon,48,605
San Narciso,Quezon,48,606
Sariaya East,Quezon,48,607
Sariaya West,Quezon,48,608
Tagkawayan,Quezon,48,609
Tiaong,Quezon,48,610
Unisan,Quezon,48,611
Panukulan,Quezon,48,612
Angono,Rizal,49,613
Teresa,Rizal,49,614
Binangonan I,Rizal,49,615
Binangonan II,Rizal,49,616
Cainta I (Cainta),Rizal,49,617
Cardona,Rizal,49,618
Morong,Rizal,49,619
Pililla,Rizal,49,620
Rodriguez I (Rodriguez),Rizal,49,621
San Mateo,Rizal,49,622
Tanay I,Rizal,49,623
Taytay I,Rizal,49,624
Taytay II,Rizal,49,625
Cainta II,Rizal,49,626
Rodriguez II,Rizal,49,627
Binangonan III,Rizal,49,628
Baras,Rizal,49,629
Jalajala,Rizal,49,630
Tanay II,Rizal,49,631
Batangas City East District,Batangas City,50,632
Batangas City New District,Batangas City,50,633
Batangas City North District,Batangas City,50,634
Batangas City South District,Batangas City,50,635
Batangas City West District,Batangas City,50,636
Batangas City Coastal District,Batangas City,50,637
Batangas City Verde Island District,Batangas City,50,638
Cavite City I District,Cavite City,51,639
Cavite City II District,Cavite City,51,640
Cavite City III District,Cavite City,51,641
Lipa City East District,Lipa City,52,642
Lipa City North Disrict,Lipa City,52,643
Lipa City South District,Lipa City,52,644
Lipa City West District,Lipa City,52,645
Lucena East District,Lucena City,53,646
Lucena North District,Lucena City,53,647
Lucena South District,Lucena City,53,648
Lucena West District,Lucena City,53,649
Ambray,San Pablo City,54,650
Dapdapan,San Pablo City,54,651
Del Remedio,San Pablo City,54,652
Fule Almeda,San Pablo City,54,653
Lakeside,San Pablo City,54,654
San Francisco,San Pablo City,54,655
Sto. Angel,San Pablo City,54,656
Calamba City East I,Calamba City,55,657
Calamba City East II,Calamba City,55,658
Calamba City West,Calamba City,55,659
District I-A,Antipolo City,56,660
District II-A,Antipolo City,56,661
District II-B,Antipolo City,56,662
District II-C,Antipolo City,56,663
District I-B,Antipolo City,56,664
District I-C,Antipolo City,56,665
District II-D,Antipolo City,56,666
Tanauan City East I,Tanauan City,57,667
Tanauan City North I,Tanauan City,57,668
Tanauan City South I,Tanauan City,57,669
Tanauan City West I,Tanauan City,57,670
Tanauan City East II,Tanauan City,57,671
Tanauan City East III,Tanauan City,57,672
Tanauan City North II,Tanauan City,57,673
Tanauan City North III,Tanauan City,57,674
Tanauan City South II,Tanauan City,57,675
Tanauan City West II,Tanauan City,57,676
City of Sta. Rosa District I,Sta. Rosa City,58,677
City of Sta. Rosa District II,Sta. Rosa City,58,678
City of Sta. Rosa District III,Sta. Rosa City,58,679
Tayabas East,Tayabas City,59,680
Tayabas West,Tayabas City,59,681
Bacoor I,Bacoor City,60,682
Bacoor II,Bacoor City,60,683
Imus I,Imus City,61,684
Imus II,Imus City,61,685
Binan,Binan City,62,686
District I,Cabuyao City,63,687
District II,Cabuyao City,63,688
District III,Cabuyao City,63,689
District IV,Cabuyao City,63,690
District V,Cabuyao City,63,691
General Trias I,General Trias City,64,692
General Trias II,General Trias City,64,693
San Pedro,San Pedro City,65,694
Sto. Tomas North,Sto. Tomas City,66,695
Sto. Tomas South,Sto. Tomas City,66,696
Boac North,Marinduque,67,697
Boac South,Marinduque,67,698
Buenavista,Marinduque,67,699
Gasan,Marinduque,67,700
Mogpog,Marinduque,67,701
Santa Cruz East,Marinduque,67,702
Santa Cruz North,Marinduque,67,703
Santa Cruz South,Marinduque,67,704
Torrijos,Marinduque,67,705
Abra De Ilog-Paluan,Occidental Mindoro,68,706
Calintaan,Occidental Mindoro,68,707
Looc,Occidental Mindoro,68,708
Lubang,Occidental Mindoro,68,709
Magsaysay,Occidental Mindoro,68,710
Mamburao,Occidental Mindoro,68,711
Rizal,Occidental Mindoro,68,712
Sablayan North,Occidental Mindoro,68,713
Sablayan South,Occidental Mindoro,68,714
San Jose East,Occidental Mindoro,68,715
San Jose North,Occidental Mindoro,68,716
San Jose South,Occidental Mindoro,68,717
San Jose West,Occidental Mindoro,68,718
Sta. Cruz,Occidental Mindoro,68,719
Baco,Oriental Mindoro,69,720
Bansud,Oriental Mindoro,69,721
Bongabong North,Oriental Mindoro,69,722
Bongabong South,Oriental Mindoro,69,723
Bulalacao,Oriental Mindoro,69,724
Gloria,Oriental Mindoro,69,725
Mansalay,Oriental Mindoro,69,726
Naujan East,Oriental Mindoro,69,727
Naujan South,Oriental Mindoro,69,728
Naujan West,Oriental Mindoro,69,729
Pinamalayan East,Oriental Mindoro,69,730
Pinamalayan West,Oriental Mindoro,69,731
Pola,Oriental Mindoro,69,732
Puerto Galera,Oriental Mindoro,69,733
Roxas,Oriental Mindoro,69,734
San Teodoro,Oriental Mindoro,69,735
Socorro,Oriental Mindoro,69,736
Victoria,Oriental Mindoro,69,737
Aborlan Central,Palawan,70,738
Agutaya,Palawan,70,739
Araceli (Araceli-Dumaran),Palawan,70,740
Balabac,Palawan,70,741
Bataraza District I,Palawan,70,742
South Brooke's Point,Palawan,70,743
Brooke'S Point II (S. Espanola),Palawan,70,744
Busuanga,Palawan,70,745
Caganyancillo,Palawan,70,746
Coron Coastal,Palawan,70,747
Cuyo,Palawan,70,748
El Nido del Sur,Palawan,70,749
Magsaysay,Palawan,70,750
Narra District I,Palawan,70,751
Quezon North,Palawan,70,752
Roxas North,Palawan,70,753
San Vicente,Palawan,70,754
Taytay I,Palawan,70,755
Dumaran Island District,Palawan,70,756
Roxas South,Palawan,70,757
Rizal,Palawan,70,758
Taytay II,Palawan,70,759
North Brooke's Point,Palawan,70,760
Culion,Palawan,70,761
Linapacan,Palawan,70,762
Narra District II,Palawan,70,763
Aborlan East,Palawan,70,764
Aborlan West,Palawan,70,765
Quezon South,Palawan,70,766
Bataraza District II,Palawan,70,767
Dumaran Mainland District,Palawan,70,768
Coron Inland,Palawan,70,769
El Nido del Norte,Palawan,70,770
Roxas Central,Palawan,70,771
Taytay III,Palawan,70,772
Alcantara,Romblon,71,773
Banton,Romblon,71,774
Cajidiocan-Magdiwang,Romblon,71,775
Concepcion,Romblon,71,776
Corcuera,Romblon,71,777
Looc,Romblon,71,778
Odiongan North,Romblon,71,779
Odiongan South,Romblon,71,780
Romblon,Romblon,71,781
San Agustin-Calatrava,Romblon,71,782
San Andres,Romblon,71,783
San Fernando,Romblon,71,784
San Jose-Santa Fe,Romblon,71,785
Puerto Princesa I District,Puerto Princesa City,72,786
Puerto Princesa II District,Puerto Princesa City,72,787
Puerto Princesa III District,Puerto Princesa City,72,788
Calapan East,Calapan City,73,789
Calapan South,Calapan City,73,790
Calapan West,Calapan City,73,791
Bacacay East,Albay,74,792
Bacacay West,Albay,74,793
Camalig North,Albay,74,794
Camalig South,Albay,74,795
Daraga North,Albay,74,796
Daraga South,Albay,74,797
Guinobatan East,Albay,74,798
Guinobatan West,Albay,74,799
Jovellar,Albay,74,800
Libon East,Albay,74,801
Libon West,Albay,74,802
Malilipot,Albay,74,803
Malinao,Albay,74,804
Manito,Albay,74,805
Oas North,Albay,74,806
Oas South,Albay,74,807
Pioduran West (Pioduran North),Albay,74,808
Polangui North,Albay,74,809
Polangui South,Albay,74,810
Rapu-Rapu East (Rapu-Rapu),Albay,74,811
Sto. Domingo,Albay,74,812
Tiwi,Albay,74,813
Bacacay South,Albay,74,814
Pioduran East (Pioduran South),Albay,74,815
Rapu-Rapu West,Albay,74,816
Basud,Camarines Norte,75,817
Capalonga,Camarines Norte,75,818
Daet North,Camarines Norte,75,819
Daet South,Camarines Norte,75,820
Jose Panganiban East,Camarines Norte,75,821
Jose Panganiban West,Camarines Norte,75,822
Labo East,Camarines Norte,75,823
Labo West,Camarines Norte,75,824
Mercedes,Camarines Norte,75,825
Paracale,Camarines Norte,75,826
Sn Vicente-San Lorenzo Ruiz,Camarines Norte,75,827
Sta. Elena,Camarines Norte,75,828
Talisay,Camarines Norte,75,829
Vinzons,Camarines Norte,75,830
Baao,Camarines Sur,76,831
Balatan,Camarines Sur,76,832
Bato,Camarines Sur,76,833
Buhi,Camarines Sur,76,834
Bula,Camarines Sur,76,835
Cabusao,Camarines Sur,76,836
Calabanga,Camarines Sur,76,837
Camaligan,Camarines Sur,76,838
Canaman,Camarines Sur,76,839
Caramoan,Camarines Sur,76,840
Del Gallego,Camarines Sur,76,841
Garchitorena,Camarines Sur,76,842
Goa,Camarines Sur,76,843
Lagonoy North,Camarines Sur,76,844
Lagonoy South,Camarines Sur,76,845
Libmanan North,Camarines Sur,76,846
Libmanan South,Camarines Sur,76,847
Lupi,Camarines Sur,76,848
Magarao-Bombon,Camarines Sur,76,849
Milaor-Gainza,Camarines Sur,76,850
Minalabac,Camarines Sur,76,851
Nabua East,Camarines Sur,76,852
Nabua West,Camarines Sur,76,853
Ocampo,Camarines Sur,76,854
Pamplona,Camarines Sur,76,855
Parubcan-Presentacion,Camarines Sur,76,856
Pasacao,Camarines Sur,76,857
Pili,Camarines Sur,76,858
Ragay,Camarines Sur,76,859
Sagñay,Camarines Sur,76,860
San Fernando,Camarines Sur,76,861
San Jose,Camarines Sur,76,862
Siruma,Camarines Sur,76,863
Sipocot North,Camarines Sur,76,864
Sipocot South,Camarines Sur,76,865
Tigaon,Camarines Sur,76,866
Tinambac North,Camarines Sur,76,867
Tinambac South,Camarines Sur,76,868
Bagamanoc North,Catanduanes,77,869
Bagamanoc South,Catanduanes,77,870
Baras North,Catanduanes,77,871
Baras South,Catanduanes,77,872
Bato East,Catanduanes,77,873
Bato West,Catanduanes,77,874
Caramoran North,Catanduanes,77,875
Caramoran South,Catanduanes,77,876
Gigmoto,Catanduanes,77,877
Pandan East,Catanduanes,77,878
Pandan West,Catanduanes,77,879
Panganiban,Catanduanes,77,880
San Andres East,Catanduanes,77,881
San Andres West,Catanduanes,77,882
San Miguel North,Catanduanes,77,883
San Miguel South,Catanduanes,77,884
Viga East,Catanduanes,77,885
Viga West,Catanduanes,77,886
Virac North,Catanduanes,77,887
Virac South,Catanduanes,77,888
Aroroy East,Masbate,78,889
Aroroy West,Masbate,78,890
Baleno,Masbate,78,891
Balud North,Masbate,78,892
Batuan,Masbate,78,893
Cataingan East,Masbate,78,894
Cataingan West,Masbate,78,895
Cawayan East (Cawayan),Masbate,78,896
Claveria North,Masbate,78,897
Dimasalang,Masbate,78,898
Esperanza,Masbate,78,899
Mandaon North,Masbate,78,900
Milagros East,Masbate,78,901
Milagros West,Masbate,78,902
Mobo North,Masbate,78,903
Monreal,Masbate,78,904
Palanas North,Masbate,78,905
Palanas South,Masbate,78,906
Pio V. Corpuz,Masbate,78,907
Placer East,Masbate,78,908
Placer West,Masbate,78,909
San Fernando,Masbate,78,910
San Jacinto,Masbate,78,911
San Pascual North,Masbate,78,912
Uson South,Masbate,78,913
Uson-North,Masbate,78,914
Cawayan West,Masbate,78,915
Balud South,Masbate,78,916
Claveria South,Masbate,78,917
Mandaon South,Masbate,78,918
Mobo South,Masbate,78,919
San Pascual South,Masbate,78,920
Barcelona,Sorsogon,79,921
Bulan North,Sorsogon,79,922
Bulan South,Sorsogon,79,923
Bulusan,Sorsogon,79,924
Casiguran,Sorsogon,79,925
Castilla East,Sorsogon,79,926
Castilla West,Sorsogon,79,927
Donsol East,Sorsogon,79,928
Donsol West,Sorsogon,79,929
Gubat North,Sorsogon,79,930
Gubat South,Sorsogon,79,931
Irosin,Sorsogon,79,932
Juban,Sorsogon,79,933
Magallanes North,Sorsogon,79,934
Magallanes South,Sorsogon,79,935
Matnog,Sorsogon,79,936
Pilar I,Sorsogon,79,937
Pilar II,Sorsogon,79,938
Prieto Diaz,Sorsogon,79,939
Sta. Magdalena,Sorsogon,79,940
Iriga Central District,Iriga City,80,941
Iriga North District,Iriga City,80,942
Iriga South District,Iriga City,80,943
Albay I District,Legaspi City,81,944
Albay II District,Legaspi City,81,945
Legazpi Port I District,Legaspi City,81,946
Legazpi Port II District,Legaspi City,81,947
Naga East District,Naga City,82,948
Naga North District,Naga City,82,949
Naga South District,Naga City,82,950
Naga West District,Naga City,82,951
Bacon East,Sorsogon City,83,952
Bacon West,Sorsogon City,83,953
Sorsogon East,Sorsogon City,83,954
Sorsogon West,Sorsogon City,83,955
Tabaco North,Tabaco City,84,956
Tabaco South,Tabaco City,84,957
Tabaco East,Tabaco City,84,958
Tabaco West,Tabaco City,84,959
Ligao East District,Ligao City,85,960
Ligao West District,Ligao City,85,961
Ligao South District,Ligao City,85,962
Masbaste North District 1,Masbate City,86,963
Masbate South District 1,Masbate City,86,964
Masbaste North District 2,Masbate City,86,965
Masbate South District 2,Masbate City,86,966
Altavas,Aklan,87,967
Balete,Aklan,87,968
Banga,Aklan,87,969
Batan,Aklan,87,970
Buruanga,Aklan,87,971
Ibajay I,Aklan,87,972
Ibajay II,Aklan,87,973
Kalibo I,Aklan,87,974
Kalibo II,Aklan,87,975
Lezo,Aklan,87,976
Libacao,Aklan,87,977
Madalag,Aklan,87,978
Makato,Aklan,87,979
Malay,Aklan,87,980
Malinao,Aklan,87,981
Nabas,Aklan,87,982
New Washington,Aklan,87,983
Numancia,Aklan,87,984
Tangalan,Aklan,87,985
Anini-y,Antique,88,986
Barbaza,Antique,88,987
Belison,Antique,88,988
Bugasong,Antique,88,989
Caluya,Antique,88,990
Culasi,Antique,88,991
Hamtic North,Antique,88,992
Hamtic South,Antique,88,993
Laua-an,Antique,88,994
Libertad,Antique,88,995
Pandan,Antique,88,996
Patnongon I,Antique,88,997
Patnongon II,Antique,88,998
San Jose,Antique,88,999
San Remegio I,Antique,88,1000
San Remegio II,Antique,88,1001
Sebaste,Antique,88,1002
Sibalom North,Antique,88,1003
Sibalom South,Antique,88,1004
Tibiao,Antique,88,1005
Tobias Fornier,Antique,88,1006
Valderama,Antique,88,1007
Cuartero,Capiz,89,1008
Dao,Capiz,89,1009
Dumalag,Capiz,89,1010
Dumarao,Capiz,89,1011
Ivisan,Capiz,89,1012
Jamindan,Capiz,89,1013
Maayon,Capiz,89,1014
Mambusao East,Capiz,89,1015
Mambusao West,Capiz,89,1016
Panay,Capiz,89,1017
Panit-An,Capiz,89,1018
Pilar,Capiz,89,1019
Pontevedra,Capiz,89,1020
President Roxas,Capiz,89,1021
Sapian,Capiz,89,1022
Sigma,Capiz,89,1023
Tapaz East,Capiz,89,1024
Tapaz West,Capiz,89,1025
Buenavista I,Guimaras,90,1026
Buenavista II,Guimaras,90,1027
San Lorenzo (Buenavista III),Guimaras,90,1028
Jordan I,Guimaras,90,1029
Jordan II,Guimaras,90,1030
Sibunag (Jordan III),Guimaras,90,1031
Nueva Valencia North,Guimaras,90,1032
Nueva Valencia South,Guimaras,90,1033
San Rafael,Iloilo,91,1034
Sara,Iloilo,91,1035
Sta. Barbara,Iloilo,91,1036
Tigbauan,Iloilo,91,1037
Tubungan,Iloilo,91,1038
Zarraga,Iloilo,91,1039
Alimodian II,Iloilo,91,1040
San Joaquin South,Iloilo,91,1041
Ajuy,Iloilo,91,1042
Alimodian I,Iloilo,91,1043
Anilao,Iloilo,91,1044
Badiangan,Iloilo,91,1045
Balasan,Iloilo,91,1046
Banate,Iloilo,91,1047
Barotac Nuevo,Iloilo,91,1048
Barotac Viejo,Iloilo,91,1049
Batad,Iloilo,91,1050
Bingawan,Iloilo,91,1051
Cabatuan I,Iloilo,91,1052
Cabatuan II,Iloilo,91,1053
Calinog I,Iloilo,91,1054
Calinog II,Iloilo,91,1055
Carles,Iloilo,91,1056
Concepcion,Iloilo,91,1057
Dingle,Iloilo,91,1058
Due¤as,Iloilo,91,1059
Dumangas I,Iloilo,91,1060
Dumangas II,Iloilo,91,1061
Estancia,Iloilo,91,1062
Guimbal,Iloilo,91,1063
Igbaras,Iloilo,91,1064
Janiuay I,Iloilo,91,1065
Janiuay II,Iloilo,91,1066
Lambunao East,Iloilo,91,1067
Lambunao West,Iloilo,91,1068
Leganes,Iloilo,91,1069
Lemery,Iloilo,91,1070
Leon I,Iloilo,91,1071
Leon II,Iloilo,91,1072
Maasin,Iloilo,91,1073
Miagao East,Iloilo,91,1074
Miagao West,Iloilo,91,1075
Mina,Iloilo,91,1076
New Lucena,Iloilo,91,1077
Oton,Iloilo,91,1078
Pavia,Iloilo,91,1079
Pototan I,Iloilo,91,1080
Pototan II,Iloilo,91,1081
San Dionisio,Iloilo,91,1082
San Enrique,Iloilo,91,1083
San Joaquin North,Iloilo,91,1084
San Miguel,Iloilo,91,1085
Binalbagan I,Negros Occidental,92,1086
Binalbagan II,Negros Occidental,92,1087
Calatrava I,Negros Occidental,92,1088
Calatrava II,Negros Occidental,92,1089
Candoni,Negros Occidental,92,1090
Cauayan I,Negros Occidental,92,1091
Cauayan II,Negros Occidental,92,1092
Enrique B. Magalona,Negros Occidental,92,1093
Hinigaran I,Negros Occidental,92,1094
Hinigaran II,Negros Occidental,92,1095
Hinobaan,Negros Occidental,92,1096
Ilog I,Negros Occidental,92,1097
Ilog II,Negros Occidental,92,1098
Isabela I,Negros Occidental,92,1099
Isabela II,Negros Occidental,92,1100
La Castellana I,Negros Occidental,92,1101
La Castellana II,Negros Occidental,92,1102
Manapla,Negros Occidental,92,1103
Moises Padilla,Negros Occidental,92,1104
Murcia I,Negros Occidental,92,1105
Murcia II,Negros Occidental,92,1106
Pontevedra I,Negros Occidental,92,1107
Pontevedra II,Negros Occidental,92,1108
Pulupandan,Negros Occidental,92,1109
Salvador Benedicto,Negros Occidental,92,1110
San Enrique,Negros Occidental,92,1111
Talisay I,Negros Occidental,92,1112
Talisay II,Negros Occidental,92,1113
Talisay III,Negros Occidental,92,1114
Toboso,Negros Occidental,92,1115
Valladolid,Negros Occidental,92,1116
Bacolod City I District,Bacolod City,93,1117
Bacolod City II District,Bacolod City,93,1118
Bacolod City III District,Bacolod City,93,1119
Bacolod City IV District,Bacolod City,93,1120
Bacolod City V District,Bacolod City,93,1121
Bacolod City VI District,Bacolod City,93,1122
Bacolod City VII District,Bacolod City,93,1123
Bago City I District,Bago City,94,1124
Bago City II District,Bago City,94,1125
Bago City III District,Bago City,94,1126
Bago City IV District,Bago City,94,1127
Cadiz City I District,Cadiz City,95,1128
Cadiz City II District,Cadiz City,95,1129
Cadiz City III District,Cadiz City,95,1130
Cadiz City IV District,Cadiz City,95,1131
Arevalo,Iloilo City,96,1132
City Proper,Iloilo City,96,1133
Jaro,Iloilo City,96,1134
Lapaz,Iloilo City,96,1135
Mandurriao,Iloilo City,96,1136
Molo,Iloilo City,96,1137
Montes-Lapuz,Iloilo City,96,1138
La Carlota City District   I,La Carlota City,97,1139
La Carlota City District   II,La Carlota City,97,1140
La Carlota City District   III,La Carlota City,97,1141
Roxas City District I,Roxas City,98,1142
Roxas City District II,Roxas City,98,1143
Roxas City District III,Roxas City,98,1144
Sagay City District I,Sagay City,99,1145
Sagay City District II,Sagay City,99,1146
Sagay City District III,Sagay City,99,1147
San Carlos City District V,San Carlos City,100,1148
Silay City District I,Silay City,101,1149
Silay City District II,Silay City,101,1150
Silay City District III,Silay City,101,1151
Silay City District IV,Silay City,101,1152
Kabankalan I,Kabankalan City,102,1153
Kabankalan II,Kabankalan City,102,1154
Kabankalan III,Kabankalan City,102,1155
Kabankalan IV,Kabankalan City,102,1156
Kabankalan V,Kabankalan City,102,1157
Passi City District I (West),Passi City,103,1158
Passi City District II (East),Passi City,103,1159
Escalante I,Escalante City,104,1160
Escalante II,Escalante City,104,1161
District 1,Himamaylan City,105,1162
District 2,Himamaylan City,105,1163
District 1,Sipalay City,106,1164
District 2,Sipalay City,106,1165
Victorias I,Victorias City,107,1166
Victorias II,Victorias City,107,1167
Alburquerque,Bohol,108,1168
Alicia,Bohol,108,1169
Anda,Bohol,108,1170
Antequera,Bohol,108,1171
Baclayon,Bohol,108,1172
Balilihan,Bohol,108,1173
Batuan,Bohol,108,1174
Bien Unido,Bohol,108,1175
Bilar,Bohol,108,1176
Buenavista,Bohol,108,1177
Calape,Bohol,108,1178
Candijay,Bohol,108,1179
Carmen,Bohol,108,1180
Catigbian,Bohol,108,1181
Clarin,Bohol,108,1182
Corella,Bohol,108,1183
Cortes,Bohol,108,1184
Dagohoy,Bohol,108,1185
Danao,Bohol,108,1186
Dauis,Bohol,108,1187
Dimiao,Bohol,108,1188
Duero,Bohol,108,1189
Garcia-Hernandez,Bohol,108,1190
Getafe,Bohol,108,1191
Guindulman,Bohol,108,1192
Inabanga North,Bohol,108,1193
Inabanga South,Bohol,108,1194
Jagna,Bohol,108,1195
Lila,Bohol,108,1196
Loay,Bohol,108,1197
Loboc,Bohol,108,1198
Loon North,Bohol,108,1199
Loon South,Bohol,108,1200
Mabini,Bohol,108,1201
Maribojoc,Bohol,108,1202
Panglao,Bohol,108,1203
Pilar,Bohol,108,1204
Pres. C. P. Garcia,Bohol,108,1205
Sagbayan,Bohol,108,1206
San Isidro,Bohol,108,1207
San Miguel,Bohol,108,1208
Sevilla,Bohol,108,1209
Sierra Bullones,Bohol,108,1210
Sikatuna,Bohol,108,1211
Talibon I,Bohol,108,1212
Talibon II,Bohol,108,1213
Trinidad,Bohol,108,1214
Tubigon,Bohol,108,1215
Ubay I (Northeast),Bohol,108,1216
Valencia,Bohol,108,1217
Ubay II (East),Bohol,108,1218
Ubay III (Southwest),Bohol,108,1219
Alcantara,Cebu,109,1220
Alcoy,Cebu,109,1221
Alegria,Cebu,109,1222
Aloguinsan,Cebu,109,1223
Argao I,Cebu,109,1224
Argao II,Cebu,109,1225
Asturias,Cebu,109,1226
Badian,Cebu,109,1227
Balamban I,Cebu,109,1228
Balamban II,Cebu,109,1229
Bantayan I,Cebu,109,1230
Bantayan II,Cebu,109,1231
Barili I,Cebu,109,1232
Barili II,Cebu,109,1233
Boljoon,Cebu,109,1234
Borbon,Cebu,109,1235
Carmen,Cebu,109,1236
Catmon,Cebu,109,1237
Compostela,Cebu,109,1238
Consolacion,Cebu,109,1239
Cordova,Cebu,109,1240
Daanbantayan I,Cebu,109,1241
Daanbantayan II,Cebu,109,1242
Dalaguete I,Cebu,109,1243
Dalaguete II,Cebu,109,1244
Dumanjug I,Cebu,109,1245
Dumanjug II,Cebu,109,1246
Ginatilan,Cebu,109,1247
Liloan,Cebu,109,1248
Madridejos,Cebu,109,1249
Malabuyoc,Cebu,109,1250
Medellin,Cebu,109,1251
Minglanilla I,Cebu,109,1252
Minglanilla II,Cebu,109,1253
Moalboal,Cebu,109,1254
Oslob,Cebu,109,1255
Pilar,Cebu,109,1256
Pinamungajan 1,Cebu,109,1257
Poro,Cebu,109,1258
Ronda,Cebu,109,1259
Samboan,Cebu,109,1260
San Fernando,Cebu,109,1261
San Francisco,Cebu,109,1262
San Remegio I,Cebu,109,1263
San Remegio II,Cebu,109,1264
Santa Fe,Cebu,109,1265
Santander,Cebu,109,1266
Sibonga,Cebu,109,1267
Sogod,Cebu,109,1268
Tabogon,Cebu,109,1269
Tabuelan,Cebu,109,1270
Tuburan I,Cebu,109,1271
Tuburan II,Cebu,109,1272
Tudela,Cebu,109,1273
Pinamungajan 2,Cebu,109,1274
North District 2,Cebu City,110,1275
North District 3,Cebu City,110,1276
North District 4,Cebu City,110,1277
North District 5,Cebu City,110,1278
North District 6,Cebu City,110,1279
North District 7,Cebu City,110,1280
North District 8,Cebu City,110,1281
South District 1,Cebu City,110,1282
South District 2,Cebu City,110,1283
South District 3,Cebu City,110,1284
South District 4,Cebu City,110,1285
South District 5,Cebu City,110,1286
South District 6,Cebu City,110,1287
South District 7,Cebu City,110,1288
South District 8,Cebu City,110,1289
North District 1,Cebu City,110,1290
Dumaguete City North District,Dumaguete City,111,1291
Dumaguete City South District,Dumaguete City,111,1292
Dumaguete City West District,Dumaguete City,111,1293
Lapu-Lapu City East District,Lapu-Lapu City,112,1294
Lapu-Lapu City North District,Lapu-Lapu City,112,1295
Lapu-Lapu City South District,Lapu-Lapu City,112,1296
Lapu-Lapu City West District,Lapu-Lapu City,112,1297
Mandaue City Central District,Mandaue City,113,1298
Mandaue City North District,Mandaue City,113,1299
Mandaue City South District,Mandaue City,113,1300
Mandaue City West District,Mandaue City,113,1301
Amlan,Negros Oriental,114,1302
Ayungon,Negros Oriental,114,1303
Bacong,Negros Oriental,114,1304
Bindoy,Negros Oriental,114,1305
Dauin,Negros Oriental,114,1306
Jimalalud,Negros Oriental,114,1307
La Libertad,Negros Oriental,114,1308
Mabinay I,Negros Oriental,114,1309
Manjuyod,Negros Oriental,114,1310
San Jose,Negros Oriental,114,1311
Siaton East,Negros Oriental,114,1312
Sibulan,Negros Oriental,114,1313
Sta. Catalina North,Negros Oriental,114,1314
Sta. Catalina South,Negros Oriental,114,1315
Tayasan,Negros Oriental,114,1316
Valencia,Negros Oriental,114,1317
Zamboanguita,Negros Oriental,114,1318
Mabinay II,Negros Oriental,114,1319
Siaton West,Negros Oriental,114,1320
Larena,Siquijor,115,1321
Lazi,Siquijor,115,1322
Siquijor,Siquijor,115,1323
San Juan,Siquijor,115,1324
Maria,Siquijor,115,1325
Toledo City East District,Toledo City,116,1326
Toledo City North District,Toledo City,116,1327
Toledo City South District,Toledo City,116,1328
Toledo City West District,Toledo City,116,1329
Bayawan East,Bayawan City,117,1330
Bayawan West,Bayawan City,117,1331
Basay,Bayawan City,117,1332
Danao City East,Danao City,118,1333
Danao City North,Danao City,118,1334
Danao City South,Danao City,118,1335
Danao City West,Danao City,118,1336
Tagbilaran City,Tagbilaran City,119,1337
Talisay City I,Talisay City,120,1338
Talisay City II,Talisay City,120,1339
Talisay City III,Talisay City,120,1340
Tanjay City North,Tanjay City,121,1341
Tanjay City South,Tanjay City,121,1342
Tanjay City West,Tanjay City,121,1343
Pamplona District,Tanjay City,121,1344
Bais City North,Bais City,122,1345
Bais City South,Bais City,122,1346
Guihulngan North,Guihulngan City,123,1347
Guihulngan South,Guihulngan City,123,1348
Vallehermoso,Guihulngan City,123,1349
Carcar I,Carcar City,124,1350
Carcar II,Carcar City,124,1351
Bogo I,Bogo City,125,1352
Bogo II,Bogo City,125,1353
Bogo III,Bogo City,125,1354
Naga I,"City of Naga, Cebu",126,1355
Naga II,"City of Naga, Cebu",126,1356
Naga III,"City of Naga, Cebu",126,1357
Canlaon City,Canlaon City,127,1358
Almeria,Biliran,128,1359
Biliran,Biliran,128,1360
Cabucgayan,Biliran,128,1361
Caibiran,Biliran,128,1362
Culaba,Biliran,128,1363
Kawayan,Biliran,128,1364
Maripipi,Biliran,128,1365
Naval North,Biliran,128,1366
Naval South,Biliran,128,1367
Abuyog East,Leyte,129,1368
Abuyog North,Leyte,129,1369
Abuyog South,Leyte,129,1370
Alangalang I,Leyte,129,1371
Alangalang II,Leyte,129,1372
Albuera North,Leyte,129,1373
Albuera South,Leyte,129,1374
Babatngon,Leyte,129,1375
Barugo I,Leyte,129,1376
Barugo II,Leyte,129,1377
Bato,Leyte,129,1378
Burauen North,Leyte,129,1379
Burauen South,Leyte,129,1380
Calubian North,Leyte,129,1381
Calubian South,Leyte,129,1382
Capoocan,Leyte,129,1383
Carigara I,Leyte,129,1384
Carigara II,Leyte,129,1385
Dagami North,Leyte,129,1386
Dagami South,Leyte,129,1387
Dulag North,Leyte,129,1388
Dulag South,Leyte,129,1389
Hilongos North,Leyte,129,1390
Hilongos South,Leyte,129,1391
Hindang,Leyte,129,1392
Inopacan,Leyte,129,1393
Isabel,Leyte,129,1394
Jaro I,Leyte,129,1395
Jaro II,Leyte,129,1396
Javier,Leyte,129,1397
Julita,Leyte,129,1398
Kananga I,Leyte,129,1399
La Paz,Leyte,129,1400
Leyte I,Leyte,129,1401
Macarthur,Leyte,129,1402
Mahaplag,Leyte,129,1403
Matag-Ob,Leyte,129,1404
Matalom North,Leyte,129,1405
Matalom South,Leyte,129,1406
Mayorga,Leyte,129,1407
Merida,Leyte,129,1408
Palo I,Leyte,129,1409
Palo II,Leyte,129,1410
Palompon North,Leyte,129,1411
Palompon South,Leyte,129,1412
Pastrana,Leyte,129,1413
San Isidro,Leyte,129,1414
San Miguel,Leyte,129,1415
Sta. Fe,Leyte,129,1416
Tabango North,Leyte,129,1417
Tabango South,Leyte,129,1418
Tabontabon,Leyte,129,1419
Tanauan I,Leyte,129,1420
Tanauan II,Leyte,129,1421
Tolosa,Leyte,129,1422
Tunga,Leyte,129,1423
Villaba North,Leyte,129,1424
Villaba South,Leyte,129,1425
Leyte II,Leyte,129,1426
Kananga II,Leyte,129,1427
Bontoc I,Southern Leyte,130,1428
Hinunangan,Southern Leyte,130,1429
Silago,Southern Leyte,130,1430
Hinundayan,Southern Leyte,130,1431
Libagon,Southern Leyte,130,1432
Liloan,Southern Leyte,130,1433
Macrohon,Southern Leyte,130,1434
Malitbog,Southern Leyte,130,1435
Padre Burgos,Southern Leyte,130,1436
Pintuyan,Southern Leyte,130,1437
San Juan (Cabalian),Southern Leyte,130,1438
Sogod I,Southern Leyte,130,1439
St. Bernard,Southern Leyte,130,1440
Tomas Oppus,Southern Leyte,130,1441
Bontoc II,Southern Leyte,130,1442
San Francisco,Southern Leyte,130,1443
Limasawa,Southern Leyte,130,1444
San Ricardo,Southern Leyte,130,1445
Sogod II,Southern Leyte,130,1446
Anahawan,Southern Leyte,130,1447
Arteche,Eastern Samar,131,1448
Balangiga-Lawaan,Eastern Samar,131,1449
Can-Avid,Eastern Samar,131,1450
Dolores I,Eastern Samar,131,1451
Dolores II,Eastern Samar,131,1452
General Macarthur-Hernani,Eastern Samar,131,1453
Giporlos,Eastern Samar,131,1454
Guiuan East,Eastern Samar,131,1455
Guiuan North,Eastern Samar,131,1456
Guiuan South,Eastern Samar,131,1457
Jipapad,Eastern Samar,131,1458
Llorente,Eastern Samar,131,1459
Maydolong,Eastern Samar,131,1460
Oras East,Eastern Samar,131,1461
Oras West,Eastern Samar,131,1462
Quinapundan,Eastern Samar,131,1463
Salcedo I,Eastern Samar,131,1464
Salcedo II,Eastern Samar,131,1465
San Julian,Eastern Samar,131,1466
San Policarpo,Eastern Samar,131,1467
Sulat,Eastern Samar,131,1468
Taft,Eastern Samar,131,1469
Lawaan,Eastern Samar,131,1470
Hernani,Eastern Samar,131,1471
Balangkayan,Eastern Samar,131,1472
Mercedes,Eastern Samar,131,1473
Maslog,Eastern Samar,131,1474
Lavezares I,Northern Samar,132,1475
Lope De Vega,Northern Samar,132,1476
Mapanas,Northern Samar,132,1477
Mondragon I,Northern Samar,132,1478
Palapag I,Northern Samar,132,1479
Pambujan I,Northern Samar,132,1480
Rosario,Northern Samar,132,1481
San Antonio,Northern Samar,132,1482
San Isidro,Northern Samar,132,1483
San Jose,Northern Samar,132,1484
San Roque,Northern Samar,132,1485
San Vicente,Northern Samar,132,1486
Silvino Lubos,Northern Samar,132,1487
Victoria,Northern Samar,132,1488
Palapag II,Northern Samar,132,1489
Allen,Northern Samar,132,1490
Biri,Northern Samar,132,1491
Bobon,Northern Samar,132,1492
Capul,Northern Samar,132,1493
Catarman III,Northern Samar,132,1494
Catarman II,Northern Samar,132,1495
Catarman I,Northern Samar,132,1496
Catarman IV,Northern Samar,132,1497
Catubig I,Northern Samar,132,1498
Catubig II,Northern Samar,132,1499
Gamay I,Northern Samar,132,1500
Laoang I,Northern Samar,132,1501
Laoang II,Northern Samar,132,1502
Laoang III,Northern Samar,132,1503
Lapinig,Northern Samar,132,1504
Las Navas I,Northern Samar,132,1505
Mondragon II,Northern Samar,132,1506
Lavezares II,Northern Samar,132,1507
Gamay II,Northern Samar,132,1508
Las Navas II,Northern Samar,132,1509
Pambujan II,Northern Samar,132,1510
Almagro,Samar (Western Samar),133,1511
Basey I,Samar (Western Samar),133,1512
Basey II,Samar (Western Samar),133,1513
Calbiga,Samar (Western Samar),133,1514
Daram I,Samar (Western Samar),133,1515
Daram II,Samar (Western Samar),133,1516
Gandara I,Samar (Western Samar),133,1517
Gandara II - Matuguinao,Samar (Western Samar),133,1518
Hinabangan,Samar (Western Samar),133,1519
Jiabong,Samar (Western Samar),133,1520
Marabut,Samar (Western Samar),133,1521
Motiong,Samar (Western Samar),133,1522
Pagsanghan,Samar (Western Samar),133,1523
Pinabacdao,Samar (Western Samar),133,1524
San Jorge,Samar (Western Samar),133,1525
San Sebastian,Samar (Western Samar),133,1526
Sta. Margarita I,Samar (Western Samar),133,1527
Sta. Margarita II,Samar (Western Samar),133,1528
Sta. Rita I,Samar (Western Samar),133,1529
Sta. Rita II,Samar (Western Samar),133,1530
Sto. Nino,Samar (Western Samar),133,1531
Tagapul-an,Samar (Western Samar),133,1532
Tarangnan,Samar (Western Samar),133,1533
Villareal I,Samar (Western Samar),133,1534
Villareal II,Samar (Western Samar),133,1535
Wright I,Samar (Western Samar),133,1536
Wright II -San Jose De Buan,Samar (Western Samar),133,1537
Zumarraga,Samar (Western Samar),133,1538
Talalora,Samar (Western Samar),133,1539
Calbayog District I,Calbayog City,134,1540
Calbayog District II,Calbayog City,134,1541
Calbayog District III,Calbayog City,134,1542
Oquendo District I,Calbayog City,134,1543
Oquendo District II,Calbayog City,134,1544
Tinambacan District I,Calbayog City,134,1545
Tinambacan District II,Calbayog City,134,1546
Calbayog District IV,Calbayog City,134,1547
Calbayog District V,Calbayog City,134,1548
Tinambacan District III,Calbayog City,134,1549
Ormoc I,Ormoc City,135,1550
Ormoc II,Ormoc City,135,1551
Ormoc III,Ormoc City,135,1552
Ormoc IV,Ormoc City,135,1553
Ormoc V,Ormoc City,135,1554
Ormoc VI,Ormoc City,135,1555
District Learning Center I,Tacloban City,136,1556
District Learning Center II,Tacloban City,136,1557
District Learning Center III,Tacloban City,136,1558
District Learning Center IV,Tacloban City,136,1559
District Learning Center V,Tacloban City,136,1560
District Learning Center VI,Tacloban City,136,1561
Maasin City I,Maasin City,137,1562
Maasin City II,Maasin City,137,1563
Maasin City III,Maasin City,137,1564
Maasin City IV,Maasin City,137,1565
Catbalogan I,Catbalogan City,138,1566
Catbalogan II,Catbalogan City,138,1567
Catbalogan III,Catbalogan City,138,1568
Catbalogan IV,Catbalogan City,138,1569
Catbalogan V,Catbalogan City,138,1570
Borongan East,Borongan City,139,1571
Borongan North,Borongan City,139,1572
Borongan South,Borongan City,139,1573
Baybay I,Baybay City,140,1574
Baybay II,Baybay City,140,1575
Baybay III,Baybay City,140,1576
Baybay IV,Baybay City,140,1577
Baliguian,Zamboanga del Norte,141,1578
Godod,Zamboanga del Norte,141,1579
Gutalac I,Zamboanga del Norte,141,1580
Gutalac II,Zamboanga del Norte,141,1581
Ponot (Jose Dalman),Zamboanga del Norte,141,1582
Kalawit,Zamboanga del Norte,141,1583
Katipunan I,Zamboanga del Norte,141,1584
Katipunan II,Zamboanga del Norte,141,1585
La Libertad,Zamboanga del Norte,141,1586
Labason,Zamboanga del Norte,141,1587
Bacungan (Leon Postigo),Zamboanga del Norte,141,1588
Liloy I,Zamboanga del Norte,141,1589
Liloy II,Zamboanga del Norte,141,1590
Roxas I (Manuel A. Roxas),Zamboanga del Norte,141,1591
Roxas II (Manuel A. Roxas),Zamboanga del Norte,141,1592
Manukan I,Zamboanga del Norte,141,1593
Manukan II,Zamboanga del Norte,141,1594
Mutia,Zamboanga del Norte,141,1595
Piñan,Zamboanga del Norte,141,1596
Polanco I,Zamboanga del Norte,141,1597
Polanco II,Zamboanga del Norte,141,1598
Rizal,Zamboanga del Norte,141,1599
Salug I,Zamboanga del Norte,141,1600
Salug II,Zamboanga del Norte,141,1601
Sergio Osmeña I,Zamboanga del Norte,141,1602
Sergio Osmeña II,Zamboanga del Norte,141,1603
Siayan,Zamboanga del Norte,141,1604
Sibuco,Zamboanga del Norte,141,1605
Sibutad,Zamboanga del Norte,141,1606
Sindangan Central,Zamboanga del Norte,141,1607
Sindangan North,Zamboanga del Norte,141,1608
Sindangan South,Zamboanga del Norte,141,1609
Siocon,Zamboanga del Norte,141,1610
Sirawai,Zamboanga del Norte,141,1611
Tampilisan,Zamboanga del Norte,141,1612
Aurora East,Zamboanga del Sur,142,1613
Aurora West,Zamboanga del Sur,142,1614
Bayog,Zamboanga del Sur,142,1615
Dimataling,Zamboanga del Sur,142,1616
Dinas,Zamboanga del Sur,142,1617
Dumalinao,Zamboanga del Sur,142,1618
Dumingag I,Zamboanga del Sur,142,1619
Dumingag II,Zamboanga del Sur,142,1620
Guipos,Zamboanga del Sur,142,1621
Josefina,Zamboanga del Sur,142,1622
Kumalarang,Zamboanga del Sur,142,1623
Labangan I,Zamboanga del Sur,142,1624
Labangan II,Zamboanga del Sur,142,1625
Lakewood,Zamboanga del Sur,142,1626
Lapuyan,Zamboanga del Sur,142,1627
Mahayag North,Zamboanga del Sur,142,1628
Mahayag South,Zamboanga del Sur,142,1629
Margosatubig,Zamboanga del Sur,142,1630
Midsalip,Zamboanga del Sur,142,1631
Molave East,Zamboanga del Sur,142,1632
Molave West,Zamboanga del Sur,142,1633
Pitogo,Zamboanga del Sur,142,1634
Ramon Magsaysay,Zamboanga del Sur,142,1635
San Miguel,Zamboanga del Sur,142,1636
San Pablo,Zamboanga del Sur,142,1637
Sominot,Zamboanga del Sur,142,1638
Tabina,Zamboanga del Sur,142,1639
Tambulig,Zamboanga del Sur,142,1640
Tigbao,Zamboanga del Sur,142,1641
Tukuran East,Zamboanga del Sur,142,1642
Tukuran West,Zamboanga del Sur,142,1643
Vincenzo Sagun,Zamboanga del Sur,142,1644
Alicia,Zamboanga Sibugay,143,1645
Buug,Zamboanga Sibugay,143,1646
Diplahan,Zamboanga Sibugay,143,1647
Imelda,Zamboanga Sibugay,143,1648
Ipil,Zamboanga Sibugay,143,1649
Kabasalan,Zamboanga Sibugay,143,1650
Mabuhay,Zamboanga Sibugay,143,1651
Malangas,Zamboanga Sibugay,143,1652
Naga,Zamboanga Sibugay,143,1653
Olutanga,Zamboanga Sibugay,143,1654
Payao,Zamboanga Sibugay,143,1655
R.T. Lim,Zamboanga Sibugay,143,1656
Siay,Zamboanga Sibugay,143,1657
Talusan,Zamboanga Sibugay,143,1658
Titay,Zamboanga Sibugay,143,1659
Tungawan,Zamboanga Sibugay,143,1660
Barcelona,Dapitan City,144,1661
Baylimango,Dapitan City,144,1662
Dapitan Central,Dapitan City,144,1663
Potungan,Dapitan City,144,1664
Sulangon,Dapitan City,144,1665
Dipolog City East,Dipolog City,145,1666
Dipolog City West,Dipolog City,145,1667
Dipolog City North,Dipolog City,145,1668
Dipolog City South,Dipolog City,145,1669
Isabela City East District,Isabela City,146,1670
Isabela City West District,Isabela City,146,1671
Isabela City North District,Isabela City,146,1672
Isabela City Island District,Isabela City,146,1673
Pagadian City Central District,Pagadian City,147,1674
Pagadian City East District,Pagadian City,147,1675
Pagadian City North District,Pagadian City,147,1676
Pagadian City South District,Pagadian City,147,1677
Pagadian City West District,Pagadian City,147,1678
Ayala,Zamboanga City,148,1679
Baliwasan,Zamboanga City,148,1680
Curuan,Zamboanga City,148,1681
Labuan,Zamboanga City,148,1682
Manicahan,Zamboanga City,148,1683
Mercedes,Zamboanga City,148,1684
Putik,Zamboanga City,148,1685
Sta. Maria,Zamboanga City,148,1686
Tetuan,Zamboanga City,148,1687
Vitali,Zamboanga City,148,1688
Zamboanga Central District,Zamboanga City,148,1689
Talon-Talon,Zamboanga City,148,1690
Malaybalay City District I,Malaybalay City,149,1691
Malaybalay City District II,Malaybalay City,149,1692
Malaybalay City District III,Malaybalay City,149,1693
Malaybalay City District IV,Malaybalay City,149,1694
Malaybalay City District V,Malaybalay City,149,1695
Malaybalay City District VI,Malaybalay City,149,1696
Malaybalay City District VII,Malaybalay City,149,1697
Malaybalay City District VIII,Malaybalay City,149,1698
Malaybalay City District IX,Malaybalay City,149,1699
Malaybalay City District X,Malaybalay City,149,1700
Baungon,Bukidnon,150,1701
Cabanglasan,Bukidnon,150,1702
Damulog,Bukidnon,150,1703
Dangcagan,Bukidnon,150,1704
Don Carlos I,Bukidnon,150,1705
Impasug-Ong I,Bukidnon,150,1706
Kadingilan,Bukidnon,150,1707
Kalilangan,Bukidnon,150,1708
Kibawe,Bukidnon,150,1709
Kitaotao I,Bukidnon,150,1710
Lantapan,Bukidnon,150,1711
Libona,Bukidnon,150,1712
Malitbog,Bukidnon,150,1713
Manolo Fortich I,Bukidnon,150,1714
Maramag I,Bukidnon,150,1715
Pangantucan,Bukidnon,150,1716
Quezon I,Bukidnon,150,1717
Quezon II,Bukidnon,150,1718
San Fernando I,Bukidnon,150,1719
Sumilao,Bukidnon,150,1720
Talakag I,Bukidnon,150,1721
Don Carlos II,Bukidnon,150,1722
Impasug-Ong II,Bukidnon,150,1723
Manolo Fortich II,Bukidnon,150,1724
Maramag II,Bukidnon,150,1725
Maramag III,Bukidnon,150,1726
San Fernando II,Bukidnon,150,1727
Talakag II,Bukidnon,150,1728
Kitaotao II,Bukidnon,150,1729
Pangantucan South District,Bukidnon,150,1730
Catarman,Camiguin,151,1731
Mahinog,Camiguin,151,1732
Mambajao,Camiguin,151,1733
Sagay-Guinsiliban,Camiguin,151,1734
Bacolod,Lanao del Norte,152,1735
Baloi East,Lanao del Norte,152,1736
Baloi West,Lanao del Norte,152,1737
Baroy,Lanao del Norte,152,1738
Kapatagan East,Lanao del Norte,152,1739
Kapatagan West,Lanao del Norte,152,1740
Sultan Naga Dimaporo,Lanao del Norte,152,1741
Kauswagan,Lanao del Norte,152,1742
Kolambugan,Lanao del Norte,152,1743
Lala North,Lanao del Norte,152,1744
Lala South,Lanao del Norte,152,1745
Linamon,Lanao del Norte,152,1746
Magsaysay,Lanao del Norte,152,1747
Maigo,Lanao del Norte,152,1748
Matungao,Lanao del Norte,152,1749
Pantao-Ragat,Lanao del Norte,152,1750
Pantar,Lanao del Norte,152,1751
Salvador,Lanao del Norte,152,1752
Sapad - Nunungan,Lanao del Norte,152,1753
Tagoloan,Lanao del Norte,152,1754
Tubod East,Lanao del Norte,152,1755
Tubod West,Lanao del Norte,152,1756
Tangkal,Lanao del Norte,152,1757
Munai,Lanao del Norte,152,1758
Poonapiagapo,Lanao del Norte,152,1759
Aloran,Misamis Occidental,153,1760
Baliangao,Misamis Occidental,153,1761
Bonifacio East,Misamis Occidental,153,1762
Calamba,Misamis Occidental,153,1763
Clarin North,Misamis Occidental,153,1764
Clarin South,Misamis Occidental,153,1765
Concepcion,Misamis Occidental,153,1766
Don Victoriano,Misamis Occidental,153,1767
Jimenez,Misamis Occidental,153,1768
Lopez Jaena,Misamis Occidental,153,1769
Panaon,Misamis Occidental,153,1770
Plaridel North,Misamis Occidental,153,1771
Sapang Dalaga,Misamis Occidental,153,1772
Sinacaban,Misamis Occidental,153,1773
Tudela,Misamis Occidental,153,1774
Plaridel South,Misamis Occidental,153,1775
Bonifacio West,Misamis Occidental,153,1776
Alubijid,Misamis Oriental,154,1777
Balingasag North (Balingasag District),Misamis Oriental,154,1778
Claveria I (Claveria District),Misamis Oriental,154,1779
Initao,Misamis Oriental,154,1780
Jasaan,Misamis Oriental,154,1781
Kinoguitan,Misamis Oriental,154,1782
Lagonglong,Misamis Oriental,154,1783
Libertad,Misamis Oriental,154,1784
Magsaysay I (Magsaysay District),Misamis Oriental,154,1785
Manticao,Misamis Oriental,154,1786
Medina,Misamis Oriental,154,1787
Opol,Misamis Oriental,154,1788
Salay,Misamis Oriental,154,1789
Tagoloan,Misamis Oriental,154,1790
Talisayan,Misamis Oriental,154,1791
Villanueva,Misamis Oriental,154,1792
Laguindingan,Misamis Oriental,154,1793
Lugait,Misamis Oriental,154,1794
Naawan,Misamis Oriental,154,1795
Balingasag South (Balingasag District),Misamis Oriental,154,1796
Sugbongcogon,Misamis Oriental,154,1797
Magsaysay II (Magsaysay District),Misamis Oriental,154,1798
Claveria II (Claveria District),Misamis Oriental,154,1799
Cagayan de Oro City Central I District,Cagayan de Oro City,155,1800
Cagayan de Oro City East I District,Cagayan de Oro City,155,1801
Cagayan de Oro City East II District,Cagayan de Oro City,155,1802
Cagayan de Oro City North I District,Cagayan de Oro City,155,1803
Cagayan de Oro City North II District,Cagayan de Oro City,155,1804
Cagayan de Oro City South District,Cagayan de Oro City,155,1805
Cagayan de Oro City Southwest District I,Cagayan de Oro City,155,1806
Cagayan de Oro City West I District,Cagayan de Oro City,155,1807
Cagayan de Oro City West II District,Cagayan de Oro City,155,1808
Cagayan de Oro City Southwest District II,Cagayan de Oro City,155,1809
Gingoog City East-1 District,Gingoog City,156,1810
Gingoog City North-1 District,Gingoog City,156,1811
Gingoog City South-1 District,Gingoog City,156,1812
Gingoog City West-1 District,Gingoog City,156,1813
Gingoog City North-2 District,Gingoog City,156,1814
Gingoog City West-2 District,Gingoog City,156,1815
Gingoog City North-3 District,Gingoog City,156,1816
Gingoog City East-2 District,Gingoog City,156,1817
Gingoog City West-3 District,Gingoog City,156,1818
Gingoog City South-2 District,Gingoog City,156,1819
Iligan City East I District,Iligan City,157,1820
Iligan City East II District,Iligan City,157,1821
Iligan City Central District,Iligan City,157,1822
Iligan City Northeast I - A District,Iligan City,157,1823
Iligan City Northeast I - B District,Iligan City,157,1824
Iligan City Northeast II - A District,Iligan City,157,1825
Iligan City Northeast II - B District,Iligan City,157,1826
Iligan City North I District,Iligan City,157,1827
Iligan City North II District,Iligan City,157,1828
Iligan City South I - A District,Iligan City,157,1829
Iligan City South I - B District,Iligan City,157,1830
Iligan City South II District,Iligan City,157,1831
Iligan City West District,Iligan City,157,1832
Ozamis City District I,Ozamis City,158,1833
Ozamis City District II,Ozamis City,158,1834
Ozamis City District III,Ozamis City,158,1835
Ozamis City District IV,Ozamis City,158,1836
Ozamis City Central District,Ozamis City,158,1837
Central District I,Oroquieta City,159,1838
Central District II,Oroquieta City,159,1839
Southeast District I,Oroquieta City,159,1840
Southeast District II,Oroquieta City,159,1841
Southwest District,Oroquieta City,159,1842
Northwest District,Oroquieta City,159,1843
Tangub Central District,Tangub City,160,1844
Tangub North District,Tangub City,160,1845
Tangub South District,Tangub City,160,1846
Tangub Southwest District,Tangub City,160,1847
District I,Valencia City,161,1848
District II,Valencia City,161,1849
District III,Valencia City,161,1850
District IV,Valencia City,161,1851
District V,Valencia City,161,1852
District VI,Valencia City,161,1853
District VII,Valencia City,161,1854
District I,El Salvador,162,1855
District II,El Salvador,162,1856
Compostela,Davao De Oro,163,1857
Laak,Davao De Oro,163,1858
Mabini,Davao De Oro,163,1859
Maco North,Davao De Oro,163,1860
Maco South,Davao De Oro,163,1861
Maragusan,Davao De Oro,163,1862
Mawab,Davao De Oro,163,1863
Moncayo,Davao De Oro,163,1864
Montevista,Davao De Oro,163,1865
Nabunturan East,Davao De Oro,163,1866
Nabunturan West,Davao De Oro,163,1867
New Bataan,Davao De Oro,163,1868
Pantukan,Davao De Oro,163,1869
Asuncion,Davao del Norte,164,1870
Braulio Dujali,Davao del Norte,164,1871
Carmen,Davao del Norte,164,1872
Kapalong East,Davao del Norte,164,1873
Kapalong West,Davao del Norte,164,1874
New Corella,Davao del Norte,164,1875
Sto. Tomas East,Davao del Norte,164,1876
Sto. Tomas West,Davao del Norte,164,1877
Talaingod,Davao del Norte,164,1878
San Isidro,Davao del Norte,164,1879
Bansalan East,Davao del Sur,165,1880
Bansalan West,Davao del Sur,165,1881
Hagonoy I,Davao del Sur,165,1882
Hagonoy II,Davao del Sur,165,1883
Kiblawan,Davao del Sur,165,1884
Magsaysay North,Davao del Sur,165,1885
Magsaysay South,Davao del Sur,165,1886
Malalag,Davao del Sur,165,1887
Matanao I,Davao del Sur,165,1888
Matanao II,Davao del Sur,165,1889
Padada,Davao del Sur,165,1890
Sta. Cruz North,Davao del Sur,165,1891
Sta. Cruz South,Davao del Sur,165,1892
Sulop,Davao del Sur,165,1893
Baganga North,Davao Oriental,166,1894
Baganga South,Davao Oriental,166,1895
Banaybanay,Davao Oriental,166,1896
Boston,Davao Oriental,166,1897
Caraga North,Davao Oriental,166,1898
Caraga South,Davao Oriental,166,1899
Cateel I,Davao Oriental,166,1900
Cateel II,Davao Oriental,166,1901
Gov. Generoso North,Davao Oriental,166,1902
Gov. Generoso South,Davao Oriental,166,1903
Lupon East,Davao Oriental,166,1904
Lupon West,Davao Oriental,166,1905
Manay,Davao Oriental,166,1906
San Isidro North,Davao Oriental,166,1907
San Isidro South,Davao Oriental,166,1908
Tarragona,Davao Oriental,166,1909
Baguio,Davao City,167,1910
Bangoy,Davao City,167,1911
Binugao,Davao City,167,1912
Buhangin,Davao City,167,1913
Bunawan,Davao City,167,1914
Calinan,Davao City,167,1915
Daliaon,Davao City,167,1916
Davao Central,Davao City,167,1917
General Roxas,Davao City,167,1918
Malabog,Davao City,167,1919
Marilog,Davao City,167,1920
Matina,Davao City,167,1921
Paquibato,Davao City,167,1922
Piedad,Davao City,167,1923
San Roque,Davao City,167,1924
Sta. Ana,Davao City,167,1925
Talomo,Davao City,167,1926
Tugbok,Davao City,167,1927
Tibungco,Davao City,167,1928
Maa,Davao City,167,1929
Digos Occidental,Digos City,168,1930
Digos Oriental,Digos City,168,1931
Mt. Apo,Digos City,168,1932
Panabo Central,Panabo City,169,1933
Panabo North,Panabo City,169,1934
Panabo South,Panabo City,169,1935
Tagum City Central,Tagum City,170,1936
Tagum City North,Tagum City,170,1937
Tagum City South,Tagum City,170,1938
Babak,Island Garden City of Samal,171,1939
Kaputian,Island Garden City of Samal,171,1940
Samal,Island Garden City of Samal,171,1941
Mati Central,Mati City,172,1942
Mati North,Mati City,172,1943
Mati South,Mati City,172,1944
Don Marcelino,Davao Occidental,173,1945
Jose Abad Santos,Davao Occidental,173,1946
Jose Abad Santos I,Davao Occidental,173,1947
Jose Abad Santos II,Davao Occidental,173,1948
Malita,Davao Occidental,173,1949
Malita East,Davao Occidental,173,1950
Malita North,Davao Occidental,173,1951
Malita South,Davao Occidental,173,1952
Malita West,Davao Occidental,173,1953
Sarangani,Davao Occidental,173,1954
Sta. Maria,Davao Occidental,173,1955
Sta. Maria East,Davao Occidental,173,1956
Sta. Maria West,Davao Occidental,173,1957
Alamada East,North Cotabato,174,1958
Alamada North,North Cotabato,174,1959
Aleosan East,North Cotabato,174,1960
Antipas,North Cotabato,174,1961
Arakan East,North Cotabato,174,1962
Banisilan North,North Cotabato,174,1963
Carmen North,North Cotabato,174,1964
Carmen South,North Cotabato,174,1965
Kabacan North,North Cotabato,174,1966
Kabacan South,North Cotabato,174,1967
Kabacan West,North Cotabato,174,1968
Libungan East,North Cotabato,174,1969
Libungan West,North Cotabato,174,1970
Magpet  East,North Cotabato,174,1971
Magpet West,North Cotabato,174,1972
Makilala Central,North Cotabato,174,1973
Makilala East,North Cotabato,174,1974
Makilala West,North Cotabato,174,1975
Matalam North,North Cotabato,174,1976
Matalam South,North Cotabato,174,1977
Midsayap Central,North Cotabato,174,1978
Midsayap North,North Cotabato,174,1979
Midsayap South,North Cotabato,174,1980
Midsayap West,North Cotabato,174,1981
M'Lang  East,North Cotabato,174,1982
M'Lang Central,North Cotabato,174,1983
M'Lang North,North Cotabato,174,1984
M'Lang South,North Cotabato,174,1985
Pigcawayan North,North Cotabato,174,1986
Pigcawayan South,North Cotabato,174,1987
Pikit North,North Cotabato,174,1988
Pikit South,North Cotabato,174,1989
Pikit West,North Cotabato,174,1990
President Roxas North,North Cotabato,174,1991
President Roxas South,North Cotabato,174,1992
Tulunan North,North Cotabato,174,1993
Tulunan South,North Cotabato,174,1994
Banisilan South,North Cotabato,174,1995
Arakan West,North Cotabato,174,1996
Aleosan West,North Cotabato,174,1997
Matalam Central,North Cotabato,174,1998
Pikit East,North Cotabato,174,1999
Banisilan West,North Cotabato,174,2000
Alamada West,North Cotabato,174,2001
Arakan North,North Cotabato,174,2002
Pigcawayan West,North Cotabato,174,2003
Matalam West,North Cotabato,174,2004
Midsayap South-West,North Cotabato,174,2005
Makilala North,North Cotabato,174,2006
President Roxas Central,North Cotabato,174,2007
Tulunan East,North Cotabato,174,2008
East Alabel,Sarangani,175,2009
Central Glan,Sarangani,175,2010
East Kiamba,Sarangani,175,2011
East Maasim,Sarangani,175,2012
East Maitum,Sarangani,175,2013
Malapatan I,Sarangani,175,2014
North Malungon,Sarangani,175,2015
South Malungon,Sarangani,175,2016
West Alabel,Sarangani,175,2017
East Malungon,Sarangani,175,2018
North Glan - Cluster A,Sarangani,175,2019
West Kiamba,Sarangani,175,2020
Southwest Alabel,Sarangani,175,2021
South Glan - Cluster A,Sarangani,175,2022
West Maasim,Sarangani,175,2023
West Maitum,Sarangani,175,2024
Malapatan II,Sarangani,175,2025
Malapatan III,Sarangani,175,2026
West Malungon,Sarangani,175,2027
North Glan - Cluster B,Sarangani,175,2028
North Glan,Sarangani,175,2029
South Glan,Sarangani,175,2030
Banga East,South Cotabato,176,2031
Banga North,South Cotabato,176,2032
Banga South,South Cotabato,176,2033
Lake Sebu East,South Cotabato,176,2034
Norala,South Cotabato,176,2035
Polomolok East,South Cotabato,176,2036
Polomolok West,South Cotabato,176,2037
Sto. Niño,South Cotabato,176,2038
Surallah Central,South Cotabato,176,2039
Surallah North,South Cotabato,176,2040
Surallah South,South Cotabato,176,2041
T ' Boli East,South Cotabato,176,2042
Tampakan,South Cotabato,176,2043
Tantangan,South Cotabato,176,2044
Tupi North,South Cotabato,176,2045
Tupi South,South Cotabato,176,2046
Lake Sebu West,South Cotabato,176,2047
T ' Boli West,South Cotabato,176,2048
Bagumbayan I,Sultan Kudarat,177,2049
Bagumbayan II,Sultan Kudarat,177,2050
Bagumbayan III,Sultan Kudarat,177,2051
Columbio I,Sultan Kudarat,177,2052
Columbio II,Sultan Kudarat,177,2053
Esperanza I,Sultan Kudarat,177,2054
Esperanza II,Sultan Kudarat,177,2055
Isulan Central,Sultan Kudarat,177,2056
Isulan East,Sultan Kudarat,177,2057
Isulan West,Sultan Kudarat,177,2058
Kalamansig I,Sultan Kudarat,177,2059
Kalamansig II,Sultan Kudarat,177,2060
Kulaman I (Sen. N. Aquino),Sultan Kudarat,177,2061
Kulaman II,Sultan Kudarat,177,2062
Lambayong I,Sultan Kudarat,177,2063
Lambayong II,Sultan Kudarat,177,2064
Lambayong III,Sultan Kudarat,177,2065
Lebak East,Sultan Kudarat,177,2066
Lebak Central,Sultan Kudarat,177,2067
Lebak West,Sultan Kudarat,177,2068
Lutayan I,Sultan Kudarat,177,2069
Palimbang I,Sultan Kudarat,177,2070
Palimbang II,Sultan Kudarat,177,2071
Pres. Quirino North,Sultan Kudarat,177,2072
Pres. Quirino South,Sultan Kudarat,177,2073
Isulan South,Sultan Kudarat,177,2074
Lutayan II,Sultan Kudarat,177,2075
Esperanza III,Sultan Kudarat,177,2076
General Santos City North District,General Santos City,178,2077
General Santos City West District,General Santos City,178,2078
General Santos City South District,General Santos City,178,2079
Bula,General Santos City,178,2080
Cahilsot,General Santos City,178,2081
Buayan,General Santos City,178,2082
Pedro Acharon,General Santos City,178,2083
South Fatima,General Santos City,178,2084
Katangawan,General Santos City,178,2085
North Fatima,General Santos City,178,2086
Tambler,General Santos City,178,2087
Acharon,General Santos City,178,2088
Apopong,General Santos City,178,2089
Labangal,General Santos City,178,2090
Conel,General Santos City,178,2091
Kidapawan City District I,Kidapawan City,179,2092
Kidapawan City District II,Kidapawan City,179,2093
Kidapawan City District III,Kidapawan City,179,2094
Kidapawan City District IV,Kidapawan City,179,2095
Kidapawan City District V,Kidapawan City,179,2096
Koronadal East District I,Koronadal City,180,2097
Koronadal South District I,Koronadal City,180,2098
Koronadal West District I,Koronadal City,180,2099
Koronadal East District II,Koronadal City,180,2100
Koronadal South District II,Koronadal City,180,2101
Koronadal West District II,Koronadal City,180,2102
Tacurong East,Tacurong City,181,2103
Tacurong North,Tacurong City,181,2104
Tacurong West,Tacurong City,181,2105
Tacurong Central,Tacurong City,181,2106
Tacurong South,Tacurong City,181,2107
Carmen,Agusan del Norte,182,2108
Jabonga I,Agusan del Norte,182,2109
Kitcharao,Agusan del Norte,182,2110
Las Nieves East,Agusan del Norte,182,2111
Magallanes,Agusan del Norte,182,2112
Nasipit East,Agusan del Norte,182,2113
Buenavista I,Agusan del Norte,182,2114
R.T. Romualdez,Agusan del Norte,182,2115
Santiago,Agusan del Norte,182,2116
Buenavista II,Agusan del Norte,182,2117
Tubay I,Agusan del Norte,182,2118
Las Nieves West,Agusan del Norte,182,2119
Nasipit West,Agusan del Norte,182,2120
Buenavista III,Agusan del Norte,182,2121
Jabonga II,Agusan del Norte,182,2122
Tubay II,Agusan del Norte,182,2123
Buenavista IV,Agusan del Norte,182,2124
Bunawan I,Agusan del Sur,183,2125
Esperanza I,Agusan del Sur,183,2126
Esperanza II,Agusan del Sur,183,2127
Loreto North,Agusan del Sur,183,2128
La Paz I,Agusan del Sur,183,2129
Prosperidad I,Agusan del Sur,183,2130
Prosperidad II,Agusan del Sur,183,2131
Rosario I,Agusan del Sur,183,2132
San Francisco I,Agusan del Sur,183,2133
San Francisco II,Agusan del Sur,183,2134
Sibagat I,Agusan del Sur,183,2135
Veruela I,Agusan del Sur,183,2136
Sta. Josefa,Agusan del Sur,183,2137
San Luis I,Agusan del Sur,183,2138
Talacogon East,Agusan del Sur,183,2139
Trento I,Agusan del Sur,183,2140
Loreto South,Agusan del Sur,183,2141
Prosperidad III,Agusan del Sur,183,2142
Sibagat II,Agusan del Sur,183,2143
San Luis II,Agusan del Sur,183,2144
Talacogon West,Agusan del Sur,183,2145
Trento II,Agusan del Sur,183,2146
Bunawan II,Agusan del Sur,183,2147
Esperanza III,Agusan del Sur,183,2148
La Paz II,Agusan del Sur,183,2149
Veruela II,Agusan del Sur,183,2150
Rosario II,Agusan del Sur,183,2151
San Francisco III,Agusan del Sur,183,2152
Prosperidad IV,Agusan del Sur,183,2153
San Francisco IV,Agusan del Sur,183,2154
Curriculum Implementation Division (Agusan del Sur Division),Agusan del Sur,183,2155
Central Butuan District I,Butuan City,184,2156
Central Butuan District II,Butuan City,184,2157
East Butuan District I,Butuan City,184,2158
North Butuan District,Butuan City,184,2159
Northwest Butuan District,Butuan City,184,2160
Southeast I Butuan District,Butuan City,184,2161
South Butuan District I,Butuan City,184,2162
Southwest Butuan District,Butuan City,184,2163
West Butuan District I,Butuan City,184,2164
East Butuan District II,Butuan City,184,2165
South Butuan District II,Butuan City,184,2166
West Butuan District II,Butuan City,184,2167
Southeast II Butuan District,Butuan City,184,2168
Dapa East,Siargao,185,2169
Dapa West,Siargao,185,2170
General Luna,Siargao,185,2171
Numancia East,Siargao,185,2172
Pilar,Siargao,185,2173
San Isidro,Siargao,185,2174
Sapao,Siargao,185,2175
Burgos,Siargao,185,2176
Socorro East District,Siargao,185,2177
San Benito,Siargao,185,2178
Socorro West District,Siargao,185,2179
Numancia West,Siargao,185,2180
Surigao City District I,Surigao City,186,2181
Surigao City District II,Surigao City,186,2182
Surigao City District III,Surigao City,186,2183
Surigao City District IV,Surigao City,186,2184
Surigao City District V,Surigao City,186,2185
Surigao City District VI,Surigao City,186,2186
Surigao City District VII,Surigao City,186,2187
Surigao City District VIII,Surigao City,186,2188
Alegria,Surigao del Norte,187,2189
Anao-Aon,Surigao del Norte,187,2190
Bacuag,Surigao del Norte,187,2191
Claver,Surigao del Norte,187,2192
Gigaquit,Surigao del Norte,187,2193
Mainit I,Surigao del Norte,187,2194
Malimono,Surigao del Norte,187,2195
Placer I,Surigao del Norte,187,2196
Sison,Surigao del Norte,187,2197
Tagana-An,Surigao del Norte,187,2198
Tubod,Surigao del Norte,187,2199
Mainit II,Surigao del Norte,187,2200
Placer II,Surigao del Norte,187,2201
Barobo I,Surigao del Sur,188,2202
Bayabas,Surigao del Sur,188,2203
Cagwait,Surigao del Sur,188,2204
Cantilan I,Surigao del Sur,188,2205
Cantilan II,Surigao del Sur,188,2206
Carmen,Surigao del Sur,188,2207
Carrascal,Surigao del Sur,188,2208
Cortes,Surigao del Sur,188,2209
Hinatuan South,Surigao del Sur,188,2210
Lanuza,Surigao del Sur,188,2211
Lianga,Surigao del Sur,188,2212
Lingig I,Surigao del Sur,188,2213
Madrid,Surigao del Sur,188,2214
Marihatag,Surigao del Sur,188,2215
San Agustin,Surigao del Sur,188,2216
San Miguel I,Surigao del Sur,188,2217
Tagbina I,Surigao del Sur,188,2218
Tago I,Surigao del Sur,188,2219
Hinatuan North,Surigao del Sur,188,2220
Barobo II,Surigao del Sur,188,2221
Lingig II,Surigao del Sur,188,2222
San Miguel II,Surigao del Sur,188,2223
Tago II,Surigao del Sur,188,2224
Tagbina II,Surigao del Sur,188,2225
Bislig City I,Bislig City,189,2226
Bislig City II,Bislig City,189,2227
Mangagoy I,Bislig City,189,2228
Mangagoy II,Bislig City,189,2229
Albor,Dinagat Island,190,2230
Cagdianao,Dinagat Island,190,2231
Dinagat,Dinagat Island,190,2232
Loreto,Dinagat Island,190,2233
Rizal,Dinagat Island,190,2234
San Jose,Dinagat Island,190,2235
Tubajon,Dinagat Island,190,2236
Rizal II,Dinagat Island,190,2237
Bayugan East,Bayugan City,191,2238
Bayugan Central,Bayugan City,191,2239
Bayugan West,Bayugan City,191,2240
Bayugan North,Bayugan City,191,2241
Bayugan South,Bayugan City,191,2242
North Cabadbaran,Cabadbaran City,192,2243
South Cabadbaran,Cabadbaran City,192,2244
Northwest Cabadbaran,Cabadbaran City,192,2245
Southeast Cabadbaran,Cabadbaran City,192,2246
Tandag I,Tandag City,193,2247
Tandag II,Tandag City,193,2248
Talitay,Maguindanao II,194,2249
Barira South,Maguindanao II,194,2250
Buldon West,Maguindanao II,194,2251
DOS North,Maguindanao II,194,2252
DOS South,Maguindanao II,194,2253
Kabuntalan North,Maguindanao II,194,2254
Matanog,Maguindanao II,194,2255
Parang North,Maguindanao II,194,2256
Parang South,Maguindanao II,194,2257
Sultan Kudarat I,Maguindanao II,194,2258
Sultan Kudarat II,Maguindanao II,194,2259
Upi North,Maguindanao II,194,2260
Upi West,Maguindanao II,194,2261
Buldon East,Maguindanao II,194,2262
Inter Parang,Maguindanao II,194,2263
Sultan Mastura,Maguindanao II,194,2264
Barira North,Maguindanao II,194,2265
Kabuntalan South,Maguindanao II,194,2266
Parang Bongo,Maguindanao II,194,2267
Datu Blah Sinsuat,Maguindanao II,194,2268
Barira,Maguindanao II,194,2269
Cotabato City District I,Cotabato City,195,2270
Cotabato City District II,Cotabato City,195,2271
Cotabato City District III,Cotabato City,195,2272
Cotabato City District IV,Cotabato City,195,2273
Cotabato City District V,Cotabato City,195,2274
Cotabato City District VI,Cotabato City,195,2275
Cotabato City District VII,Cotabato City,195,2276
Cotabato City District VIII,Cotabato City,195,2277
Lantawan,Basilan,196,2278
Maluso East,Basilan,196,2279
Maluso West,Basilan,196,2280
Pilas,Basilan,196,2281
Sumisip South,Basilan,196,2282
Sumisip North,Basilan,196,2283
Sumisip East,Basilan,196,2284
Tipo-Tipo East,Basilan,196,2285
Tipo-Tipo West,Basilan,196,2286
Tuburan,Basilan,196,2287
Lumba-Bayabao I,Lanao del Sur - I,197,2288
Lumba-Bayabao II,Lanao del Sur - I,197,2289
Lumba-Bayabao III,Lanao del Sur - I,197,2290
Maguing,Lanao del Sur - I,197,2291
Masiu I,Lanao del Sur - I,197,2292
Masiu A District,Lanao del Sur - I,197,2293
Mulondo,Lanao del Sur - I,197,2294
Poona-Bayabao North,Lanao del Sur - I,197,2295
Tamparan District,Lanao del Sur - I,197,2296
Tamparan I,Lanao del Sur - I,197,2297
Wao I,Lanao del Sur - I,197,2298
Wao II,Lanao del Sur - I,197,2299
Bumbaran,Lanao del Sur - I,197,2300
South Wao District,Lanao del Sur - I,197,2301
Poona-Bayabao South,Lanao del Sur - I,197,2302
Poona-Bayabao West,Lanao del Sur - I,197,2303
Maguing II,Lanao del Sur - I,197,2304
Masiu B District,Lanao del Sur - I,197,2305
Balindong I,Lanao del Sur - I,197,2306
Balindong II,Lanao del Sur - I,197,2307
Bubong I,Lanao del Sur - I,197,2308
Bubong II,Lanao del Sur - I,197,2309
Buadipuso-Buntong,Lanao del Sur - I,197,2310
Ditsaan Ramain I,Lanao del Sur - I,197,2311
Ditsaan Ramain II,Lanao del Sur - I,197,2312
Ditsaan Ramain III,Lanao del Sur - I,197,2313
Kapai/Tagoloan,Lanao del Sur - I,197,2314
Marantao I,Lanao del Sur - I,197,2315
Marantao II,Lanao del Sur - I,197,2316
Piagapo West,Lanao del Sur - I,197,2317
Saguiaran I,Lanao del Sur - I,197,2318
Saguiaran II,Lanao del Sur - I,197,2319
Saguiaran III,Lanao del Sur - I,197,2320
Taraka I,Lanao del Sur - I,197,2321
Taraka II,Lanao del Sur - I,197,2322
Piagapo East,Lanao del Sur - I,197,2323
Masiu II,Lanao del Sur - I,197,2324
North Balabagan,Lanao del Sur - II,198,2325
South Balabagan,Lanao del Sur - II,198,2326
Kapatagan,Lanao del Sur - II,198,2327
West Ganassi,Lanao del Sur - II,198,2328
South Madalum,Lanao del Sur - II,198,2329
North Madalum,Lanao del Sur - II,198,2330
Upper Madamba,Lanao del Sur - II,198,2331
Lower Madamba,Lanao del Sur - II,198,2332
North Malabang,Lanao del Sur - II,198,2333
South Malabang,Lanao del Sur - II,198,2334
Calanogas,Lanao del Sur - II,198,2335
Pagayawan,Lanao del Sur - II,198,2336
Sultan Gumander,Lanao del Sur - II,198,2337
East Ganassi,Lanao del Sur - II,198,2338
Central Ganassi,Lanao del Sur - II,198,2339
Kalawi,Lanao del Sur - II,198,2340
Bacolod,Lanao del Sur - II,198,2341
Upper Bayang,Lanao del Sur - II,198,2342
Lower Bayang,Lanao del Sur - II,198,2343
Binidayan,Lanao del Sur - II,198,2344
Butig,Lanao del Sur - II,198,2345
Lumbatan I,Lanao del Sur - II,198,2346
Lumbatan II,Lanao del Sur - II,198,2347
Lumbayanague I,Lanao del Sur - II,198,2348
Marogong,Lanao del Sur - II,198,2349
North Pualas,Lanao del Sur - II,198,2350
South Pualas,Lanao del Sur - II,198,2351
Tubaran,Lanao del Sur - II,198,2352
East Tugaya,Lanao del Sur - II,198,2353
West Tugaya,Lanao del Sur - II,198,2354
Sultan Dumalondong,Lanao del Sur - II,198,2355
Diwan,Lanao del Sur - II,198,2356
Lumbaca Unayan,Lanao del Sur - II,198,2357
Central Tugaya,Lanao del Sur - II,198,2358
Lumbayanague II,Lanao del Sur - II,198,2359
Ampatuan,Maguindanao I,199,2360
Buluan,Maguindanao I,199,2361
Datu Paglas South,Maguindanao I,199,2362
Datu Piang I,Maguindanao I,199,2363
Shariff Aguak,Maguindanao I,199,2364
Datu Montawal(Pagagawan),Maguindanao I,199,2365
Pagalungan,Maguindanao I,199,2366
Gen. S. K. Pendatun,Maguindanao I,199,2367
Mamasapano,Maguindanao I,199,2368
Sultan Sa Barongis,Maguindanao I,199,2369
Talayan,Maguindanao I,199,2370
South Upi,Maguindanao I,199,2371
Paglat,Maguindanao I,199,2372
Datu Paglas North,Maguindanao I,199,2373
Datu Saudi Uy Ampatuan,Maguindanao I,199,2374
Guindulungan,Maguindanao I,199,2375
Datu Unsay,Maguindanao I,199,2376
Datu Abdullah Sangki,Maguindanao I,199,2377
Rajah Buayan,Maguindanao I,199,2378
Datu Piang II,Maguindanao I,199,2379
Datu Anggal,Maguindanao I,199,2380
Mangudadatu,Maguindanao I,199,2381
Pandag,Maguindanao I,199,2382
Shariff Saydona Mustapha,Maguindanao I,199,2383
Datu Salibo,Maguindanao I,199,2384
Datu Hoffer Ampatuan,Maguindanao I,199,2385
Mamasapano North,Maguindanao I,199,2386
Datu Paglas East,Maguindanao I,199,2387
Indanan,Sulu,200,2388
Jolo I,Sulu,200,2389
Jolo II,Sulu,200,2390
Jolo III,Sulu,200,2391
Jolo IV,Sulu,200,2392
Maimbung,Sulu,200,2393
Pangutaran,Sulu,200,2394
Parang,Sulu,200,2395
Patikul,Sulu,200,2396
Talipao,Sulu,200,2397
Laminusa,Sulu,200,2398
Lugus,Sulu,200,2399
Luuk (Kalinggalan Calauang),Sulu,200,2400
Pata,Sulu,200,2401
Panamao,Sulu,200,2402
Siasi I,Sulu,200,2403
Siasi II,Sulu,200,2404
Sibaud,Sulu,200,2405
Tapul,Sulu,200,2406
Tongkil,Sulu,200,2407
Panglima Sugala (Balimbingan),Tawi-Tawi,201,2408
Bongao I,Tawi-Tawi,201,2409
Bongao II,Tawi-Tawi,201,2410
Mapun,Tawi-Tawi,201,2411
Languyan,Tawi-Tawi,201,2412
Sapa-Sapa I,Tawi-Tawi,201,2413
Sapa-Sapa II (Banaran),Tawi-Tawi,201,2414
East Sibutu I (Tando Owak),Tawi-Tawi,201,2415
East Sibutu II (Tandubanak),Tawi-Tawi,201,2416
West Sibutu/Sitangkai,Tawi-Tawi,201,2417
Manukmangkaw,Tawi-Tawi,201,2418
West Simunul,Tawi-Tawi,201,2419
East South Ubian,Tawi-Tawi,201,2420
West South Ubian,Tawi-Tawi,201,2421
Tandubas,Tawi-Tawi,201,2422
Tubig Indangan,Tawi-Tawi,201,2423
Bongao Central,Tawi-Tawi,201,2424
Bongao III,Tawi-Tawi,201,2425
Central District,Marawi City,202,2426
East District,Marawi City,202,2427
Northeast-I District,Marawi City,202,2428
North District,Marawi City,202,2429
West District,Marawi City,202,2430
Northwest District,Marawi City,202,2431
Angoyao District,Marawi City,202,2432
Northeast -II District,Marawi City,202,2433
Angoyao East District,Marawi City,202,2434
Lamitan East,Lamitan City,203,2435
Lamitan Central,Lamitan City,203,2436
Lamitan West I,Lamitan City,203,2437
Lamitan West II,Lamitan City,203,2438
Lamitan South,Lamitan City,203,2439
Aleosan East,Special Geographic Area Division,204,2440
Carmen South,Special Geographic Area Division,204,2441
Kabacan West,Special Geographic Area Division,204,2442
Midsayap North,Special Geographic Area Division,204,2443
Midsayap West,Special Geographic Area Division,204,2444
Pigcawayan North,Special Geographic Area Division,204,2445
Pigcawayan South,Special Geographic Area Division,204,2446
Pikit North,Special Geographic Area Division,204,2447
Pikit South,Special Geographic Area Division,204,2448
Pikit West,Special Geographic Area Division,204,2449
Aleosan West,Special Geographic Area Division,204,2450
Pikit East,Special Geographic Area Division,204,2451
Pigcawayan West,Special Geographic Area Division,204,2452
Midsayap South-West,Special Geographic Area Division,204,2453
(No District) - For SGA Division,Special Geographic Area Division,204,2454
Bangued East,Abra,205,2455
Bangued West,Abra,205,2456
Bucay,Abra,205,2457
Dolores,Abra,205,2458
La Paz,Abra,205,2459
Lagangilang,Abra,205,2460
Luba,Abra,205,2461
Pennarubia,Abra,205,2462
Pidigan,Abra,205,2463
Pilar,Abra,205,2464
Sallapadan,Abra,205,2465
San Juan,Abra,205,2466
Manabo,Abra,205,2467
Tayum,Abra,205,2468
Lacub,Abra,205,2469
Baay-Licuan,Abra,205,2470
Malibcong,Abra,205,2471
Danglas,Abra,205,2472
Tubo,Abra,205,2473
San Isidro,Abra,205,2474
Langiden,Abra,205,2475
San Quintin,Abra,205,2476
Villaviciosa,Abra,205,2477
Boliney,Abra,205,2478
Bucloc,Abra,205,2479
Daguioman,Abra,205,2480
Lagayan,Abra,205,2481
Tineg,Abra,205,2482
Calanasan,Apayao,206,2483
Northern Conner,Apayao,206,2484
Flora,Apayao,206,2485
Kabugao,Apayao,206,2486
Luna,Apayao,206,2487
Pudtol,Apayao,206,2488
Sta. Marcela,Apayao,206,2489
Southern Conner,Apayao,206,2490
Atok,Benguet,207,2491
Bakun,Benguet,207,2492
Bokod,Benguet,207,2493
Buguias,Benguet,207,2494
Itogon I,Benguet,207,2495
Itogon II,Benguet,207,2496
Kabayan,Benguet,207,2497
Kapangan,Benguet,207,2498
Kibungan,Benguet,207,2499
La Trinidad,Benguet,207,2500
Mankayan,Benguet,207,2501
Sablan,Benguet,207,2502
Tuba,Benguet,207,2503
Tublay,Benguet,207,2504
Aguinaldo,Ifugao,208,2505
Alfonso Lista I,Ifugao,208,2506
Asipulo,Ifugao,208,2507
Banaue,Ifugao,208,2508
Hingyon,Ifugao,208,2509
Hungduan,Ifugao,208,2510
Kiangan,Ifugao,208,2511
Lagawe,Ifugao,208,2512
Lamut,Ifugao,208,2513
Mayoyao,Ifugao,208,2514
Tinoc,Ifugao,208,2515
Alfonso Lista II,Ifugao,208,2516
Balbalan,Kalinga,209,2517
Lubuagan,Kalinga,209,2518
Pasil,Kalinga,209,2519
Northern Pinukpuk,Kalinga,209,2520
Rizal,Kalinga,209,2521
Upper Tanudan,Kalinga,209,2522
Tinglayan,Kalinga,209,2523
Southern Pinukpuk,Kalinga,209,2524
Lower Tanudan,Kalinga,209,2525
Barlig,Mt. Province,210,2526
Bauko I,Mt. Province,210,2527
Besao,Mt. Province,210,2528
Bontoc,Mt. Province,210,2529
Natonin,Mt. Province,210,2530
Paracelis,Mt. Province,210,2531
Sabangan,Mt. Province,210,2532
Sadanga,Mt. Province,210,2533
Sagada,Mt. Province,210,2534
Tadian I,Mt. Province,210,2535
Bauko II,Mt. Province,210,2536
Tadian II,Mt. Province,210,2537
District I,Baguio City,211,2538
District II,Baguio City,211,2539
District III,Baguio City,211,2540
Nothern  Tabuk District I,Tabuk City,212,2541
Southern Tabuk District I,Tabuk City,212,2542
Western Tabuk District I,Tabuk City,212,2543
Eastern Tabuk District I,Tabuk City,212,2544
Eastern Tabuk District II,Tabuk City,212,2545
Eastern Tabuk District III,Tabuk City,212,2546
Nothern  Tabuk District II,Tabuk City,212,2547
Southern Tabuk District II,Tabuk City,212,2548
Southern Tabuk District III,Tabuk City,212,2549
Western Tabuk District II,Tabuk City,212,2550
San Juan District I,City of San Juan,213,2551
San Juan District II,City of San Juan,213,2552
Navotas District I,Navotas,214,2553
Navotas District II,Navotas,214,2554
Tondo I,Manila,215,2555
Tondo II,Manila,215,2556
Tondo III,Manila,215,2557
Tondo IV,Manila,215,2558
Tondo V,Manila,215,2559
Tondo VI,Manila,215,2560
Tondo VII,Manila,215,2561
Tondo VIII,Manila,215,2562
Tondo IX,Manila,215,2563
Tondo X,Manila,215,2564
Tondo XI,Manila,215,2565
Tondo XII,Manila,215,2566
Tondo XIII,Manila,215,2567
Tondo XIV,Manila,215,2568
Sta. Cruz I,Manila,215,2569
Sta. Cruz II,Manila,215,2570
Sta. Cruz III,Manila,215,2571
Sta. Cruz IV,Manila,215,2572
Sta. Cruz V,Manila,215,2573
San Nicolas,Manila,215,2574
Sampaloc I,Manila,215,2575
Sampaloc II,Manila,215,2576
Sampaloc III,Manila,215,2577
Sampaloc IV,Manila,215,2578
Sampaloc V,Manila,215,2579
Sampaloc VI,Manila,215,2580
Sampaloc VII,Manila,215,2581
Sampaloc VIII,Manila,215,2582
Sampaloc IX,Manila,215,2583
Paco I,Manila,215,2584
Paco II,Manila,215,2585
Singalong,Manila,215,2586
Malate,Manila,215,2587
San Andres,Manila,215,2588
Pandacan I,Manila,215,2589
Pandacan II,Manila,215,2590
Sta. Ana I,Manila,215,2591
Sta. Ana II,Manila,215,2592
Sta. Ana III,Manila,215,2593
School District I,Quezon City,216,2594
School District II,Quezon City,216,2595
School District III,Quezon City,216,2596
School District IV,Quezon City,216,2597
School District V,Quezon City,216,2598
School District VI,Quezon City,216,2599
School District VII,Quezon City,216,2600
School District VIII,Quezon City,216,2601
School District IX,Quezon City,216,2602
School District X,Quezon City,216,2603
School District XI,Quezon City,216,2604
School District XII,Quezon City,216,2605
School District XIII,Quezon City,216,2606
School District XIV,Quezon City,216,2607
School District XV,Quezon City,216,2608
School District XVI,Quezon City,216,2609
School District XVII,Quezon City,216,2610
School District XVIII,Quezon City,216,2611
School District XIX,Quezon City,216,2612
School District XX,Quezon City,216,2613
Pasay City North District,Pasay City,217,2614
Pasay City South District,Pasay City,217,2615
Pasay City East District,Pasay City,217,2616
Pasay City West District,Pasay City,217,2617
Aromar (Aromahan-Marulas),Caloocan City,218,2618
Pobcaran (Poblacion-Caliparan),Caloocan City,218,2619
Tanque,Caloocan City,218,2620
Caloocan North I,Caloocan City,218,2621
Caloocan North II,Caloocan City,218,2622
Caloocan North III,Caloocan City,218,2623
Caloocan North IV,Caloocan City,218,2624
Mandaluyong City District I,Mandaluyong City,219,2625
Mandaluyong City District II,Mandaluyong City,219,2626
Marikina City District I,Marikina City,220,2627
Marikina City District II,Marikina City,220,2628
Makati City District I,Makati City,221,2629
Makati City District II,Makati City,221,2630
Makati City District III,Makati City,221,2631
Makati City District IV,Makati City,221,2632
Makati City District V,Makati City,221,2633
Makati City District VI,Makati City,221,2634
Pasig City District I,Pasig City,222,2635
Pasig City District II,Pasig City,222,2636
Pasig City District III,Pasig City,222,2637
Pasig City District IV,Pasig City,222,2638
Pasig City District V,Pasig City,222,2639
Paranaque City District I,Paranaque City,223,2640
Paranaque City District II,Paranaque City,223,2641
Paranaque City District III,Paranaque City,223,2642
Las Piñas City I,Las Piñas City,224,2643
Las Piñas City II,Las Piñas City,224,2644
Valenzuela City Central District,Valenzuela City,225,2645
Valenzuela City North District,Valenzuela City,225,2646
Valenzuela City East District,Valenzuela City,225,2647
Valenzuela City South District,Valenzuela City,225,2648
Malabon District I,Malabon City,226,2649
Malabon District II,Malabon City,226,2650
Malabon District III,Malabon City,226,2651
Malabon District IV,Malabon City,226,2652
Malabon District V,Malabon City,226,2653
Makati City District I,Taguig City and Pateros,227,2654
Makati City District II,Taguig City and Pateros,227,2655
Makati City District V,Taguig City and Pateros,227,2656
Taguig District I,Taguig City and Pateros,227,2657
Taguig District II,Taguig City and Pateros,227,2658
Taguig District III,Taguig City and Pateros,227,2659
Pateros,Taguig City and Pateros,227,2660
Muntinlupa City District I,Muntinlupa City,228,2661
Muntinlupa City District II,Muntinlupa City,228,2662
